Date,Adj Close,Close,High,Low,Open,Volume,Ticker,Adj Close,Close,High,Low,Open,Volume,Adj Close,Close,High,Low,Open,Volume,Adj Close,Close,High,Low,Open,Volume
,WBD,WBD,WBD,WBD,WBD,WBD,,PSKY,PSKY,PSKY,PSKY,PSKY,PSKY,NFLX,NFLX,NFLX,NFLX,NFLX,NFLX,^VIX,^VIX,^VIX,^VIX,^VIX,^VIX
2025-08-14,11.779999732971191,11.779999732971191,12.170000076293945,11.729999542236328,11.869999885559082,53621200.0,WBD,,,,,,,,,,,,,,,,,,
2025-08-15,11.850000381469727,11.850000381469727,11.989999771118164,11.75,11.850000381469727,40664400.0,WBD,,,,,,,,,,,,,,,,,,
2025-08-18,11.819999694824219,11.819999694824219,11.869999885559082,11.630000114440918,11.8100004196167,34918000.0,WBD,,,,,,,,,,,,,,,,,,
2025-08-19,11.5600004196167,11.5600004196167,11.8100004196167,11.489999771118164,11.770000457763672,30434100.0,WBD,,,,,,,,,,,,,,,,,,
2025-08-20,11.539999961853027,11.539999961853027,11.619999885559082,11.279999732971191,11.529999732971191,36145700.0,WBD,,,,,,,,,,,,,,,,,,
2025-08-21,11.59000015258789,11.59000015258789,11.609999656677246,11.359999656677246,11.420000076293945,38567000.0,WBD,,,,,,,,,,,,,,,,,,
2025-08-22,12.050000190734863,12.050000190734863,12.079999923706055,11.600000381469727,11.670000076293945,49576200.0,WBD,,,,,,,,,,,,,,,,,,
2025-08-25,12.039999961853027,12.039999961853027,12.09000015258789,11.880000114440918,12.0,32012400.0,WBD,,,,,,,,,,,,,,,,,,
2025-08-26,11.800000190734863,11.800000190734863,12.09000015258789,11.729999542236328,12.010000228881836,57919100.0,WBD,,,,,,,,,,,,,,,,,,
2025-08-27,12.149999618530273,12.149999618530273,12.170000076293945,11.8100004196167,11.84000015258789,45262800.0,WBD,,,,,,,,,,,,,,,,,,
2025-08-28,12.0600004196167,12.0600004196167,12.260000228881836,12.020000457763672,12.1899995803833,30641400.0,WBD,,,,,,,,,,,,,,,,,,
2025-08-29,11.640000343322754,11.640000343322754,12.039999961853027,11.470000267028809,12.0,60192600.0,WBD,,,,,,,,,,,,,,,,,,
2025-09-02,11.619999885559082,11.619999885559082,11.649999618530273,11.25,11.300000190734863,51592000.0,WBD,,,,,,,,,,,,,,,,,,
2025-09-03,11.920000076293945,11.920000076293945,12.029999732971191,11.449999809265137,11.569999694824219,74541900.0,WBD,,,,,,,,,,,,,,,,,,
2025-09-04,11.770000457763672,11.770000457763672,11.979999542236328,11.539999961853027,11.979999542236328,66231300.0,WBD,,,,,,,,,,,,,,,,,,
2025-09-05,12.109999656677246,12.109999656677246,12.180000305175781,11.770000457763672,11.770000457763672,63866900.0,WBD,,,,,,,,,,,,,,,,,,
2025-09-08,12.350000381469727,12.350000381469727,12.380000114440918,11.920000076293945,12.140000343322754,60182600.0,WBD,,,,,,,,,,,,,,,,,,
2025-09-09,12.260000228881836,12.260000228881836,12.479999542236328,12.180000305175781,12.34000015258789,43324200.0,WBD,,,,,,,,,,,,,,,,,,
2025-09-10,12.539999961853027,12.539999961853027,12.569999694824219,12.0,12.25,59956200.0,WBD,,,,,,,,,,,,,,,,,,
2025-09-11,16.170000076293945,16.170000076293945,17.239999771118164,12.569999694824219,12.59000015258789,298443300.0,WBD,,,,,,,,,,,,,,,,,,
2025-09-12,18.8700008392334,18.8700008392334,19.329999923706055,17.219999313354492,17.530000686645508,286212700.0,WBD,,,,,,,,,,,,,,,,,,
2025-09-15,19.459999084472656,19.459999084472656,19.600000381469727,18.40999984741211,18.770000457763672,106766000.0,WBD,,,,,,,,,,,,,,,,,,
2025-09-16,18.25,18.25,18.93000030517578,17.610000610351562,18.770000457763672,85406900.0,WBD,,,,,,,,,,,,,,,,,,
2025-09-17,17.989999771118164,17.989999771118164,18.360000610351562,17.56999969482422,18.079999923706055,50370700.0,WBD,,,,,,,,,,,,,,,,,,
2025-09-18,18.700000762939453,18.700000762939453,18.770000457763672,17.579999923706055,17.860000610351562,51455100.0,WBD,,,,,,,,,,,,,,,,,,
2025-09-19,19.329999923706055,19.329999923706055,19.489999771118164,17.979999542236328,18.700000762939453,168257000.0,WBD,,,,,,,,,,,,,,,,,,
2025-09-22,19.610000610351562,19.610000610351562,19.700000762939453,18.829999923706055,19.270000457763672,55393600.0,WBD,,,,,,,,,,,,,,,,,,
2025-09-23,19.559999465942383,19.559999465942383,20.1200008392334,19.43000030517578,19.639999389648438,48635900.0,WBD,,,,,,,,,,,,,,,,,,
2025-09-24,19.81999969482422,19.81999969482422,19.850000381469727,19.18000030517578,19.520000457763672,43356700.0,WBD,,,,,,,,,,,,,,,,,,
2025-09-25,19.780000686645508,19.780000686645508,20.239999771118164,19.5,19.6200008392334,41453600.0,WBD,,,,,,,,,,,,,,,,,,
2025-09-26,19.510000228881836,19.510000228881836,19.950000762939453,19.34000015258789,19.34000015258789,42079400.0,WBD,,,,,,,,,,,,,,,,,,
2025-09-29,18.860000610351562,18.860000610351562,19.739999771118164,18.829999923706055,19.489999771118164,41545400.0,WBD,,,,,,,,,,,,,,,,,,
2025-09-30,19.530000686645508,19.530000686645508,19.6200008392334,18.770000457763672,18.940000534057617,56747900.0,WBD,,,,,,,,,,,,,,,,,,
2025-10-01,19.350000381469727,19.350000381469727,19.719999313354492,19.200000762939453,19.530000686645508,24467300.0,WBD,,,,,,,,,,,,,,,,,,
2025-10-02,19.239999771118164,19.239999771118164,19.350000381469727,19.040000915527344,19.329999923706055,21959300.0,WBD,,,,,,,,,,,,,,,,,,
2025-10-03,18.989999771118164,18.989999771118164,19.610000610351562,18.829999923706055,19.3799991607666,22570400.0,WBD,,,,,,,,,,,,,,,,,,
2025-10-06,19.079999923706055,19.079999923706055,19.18000030517578,18.8799991607666,19.030000686645508,17522600.0,WBD,,,,,,,,,,,,,,,,,,
2025-10-07,18.600000381469727,18.600000381469727,19.09000015258789,18.479999542236328,19.020000457763672,18875000.0,WBD,,,,,,,,,,,,,,,,,,
2025-10-08,17.889999389648438,17.889999389648438,19.469999313354492,17.68000030517578,18.729999542236328,45894700.0,WBD,,,,,,,,,,,,,,,,,,
2025-10-09,17.670000076293945,17.670000076293945,18.25,17.25,17.84000015258789,35429700.0,WBD,,,,,,,,,,,,,,,,,,
2025-10-10,17.100000381469727,17.100000381469727,18.510000228881836,17.079999923706055,17.719999313354492,44142700.0,WBD,,,,,,,,,,,,,,,,,,
2025-10-13,17.780000686645508,17.780000686645508,18.100000381469727,17.65999984741211,18.0,25900600.0,WBD,,,,,,,,,,,,,,,,,,
2025-10-14,17.979999542236328,17.979999542236328,18.170000076293945,17.329999923706055,17.329999923706055,19789200.0,WBD,,,,,,,,,,,,,,,,,,
2025-10-15,18.450000762939453,18.450000762939453,18.760000228881836,18.209999084472656,18.43000030517578,20987800.0,WBD,,,,,,,,,,,,,,,,,,
2025-10-16,18.290000915527344,18.290000915527344,18.649999618530273,18.059999465942383,18.6299991607666,15391000.0,WBD,,,,,,,,,,,,,,,,,,
2025-10-17,18.190000534057617,18.190000534057617,18.600000381469727,18.170000076293945,18.209999084472656,21258800.0,WBD,,,,,,,,,,,,,,,,,,
2025-10-20,18.31999969482422,18.31999969482422,18.5,18.0,18.459999084472656,23995300.0,WBD,,,,,,,,,,,,,,,,,,
2025-10-21,20.329999923706055,20.329999923706055,20.579999923706055,19.549999237060547,19.68000030517578,71364500.0,WBD,,,,,,,,,,,,,,,,,,
2025-10-22,20.530000686645508,20.530000686645508,21.219999313354492,20.200000762939453,20.68000030517578,52225300.0,WBD,,,,,,,,,,,,,,,,,,
2025-10-23,21.25,21.25,21.559999465942383,20.829999923706055,21.0,31796900.0,WBD,,,,,,,,,,,,,,,,,,
2025-10-24,21.149999618530273,21.149999618530273,21.56999969482422,21.010000228881836,21.3700008392334,24584200.0,WBD,,,,,,,,,,,,,,,,,,
2025-10-27,21.040000915527344,21.040000915527344,21.440000534057617,20.860000610351562,21.049999237060547,24011700.0,WBD,,,,,,,,,,,,,,,,,,
2025-10-28,20.989999771118164,20.989999771118164,21.3700008392334,20.81999969482422,21.3700008392334,25825200.0,WBD,,,,,,,,,,,,,,,,,,
2025-10-29,21.34000015258789,21.34000015258789,21.739999771118164,20.81999969482422,20.920000076293945,32713000.0,WBD,,,,,,,,,,,,,,,,,,
2025-10-30,21.6200008392334,21.6200008392334,21.84000015258789,21.360000610351562,21.469999313354492,35748900.0,WBD,,,,,,,,,,,,,,,,,,
2025-10-31,22.450000762939453,22.450000762939453,22.559999465942383,21.969999313354492,22.139999389648438,43732900.0,WBD,,,,,,,,,,,,,,,,,,
2025-11-03,22.290000915527344,22.290000915527344,22.549999237060547,21.969999313354492,22.5,42063100.0,WBD,,,,,,,,,,,,,,,,,,
2025-11-04,22.600000381469727,22.600000381469727,22.6200008392334,22.010000228881836,22.139999389648438,42236800.0,WBD,,,,,,,,,,,,,,,,,,
2025-11-05,22.760000228881836,22.760000228881836,23.059999465942383,22.350000381469727,22.549999237060547,45354400.0,WBD,,,,,,,,,,,,,,,,,,
2025-11-06,22.420000076293945,22.420000076293945,23.020000457763672,22.309999465942383,22.56999969482422,48559200.0,WBD,,,,,,,,,,,,,,,,,,
2025-11-07,22.670000076293945,22.670000076293945,22.979999542236328,22.260000228881836,22.43000030517578,30905500.0,WBD,,,,,,,,,,,,,,,,,,
2025-11-10,22.979999542236328,22.979999542236328,23.020000457763672,22.440000534057617,22.709999084472656,30461700.0,WBD,,,,,,,,,,,,,,,,,,
2025-11-11,23.049999237060547,23.049999237060547,23.190000534057617,22.760000228881836,22.950000762939453,18926700.0,WBD,,,,,,,,,,,,,,,,,,
2025-11-12,22.190000534057617,22.190000534057617,23.049999237060547,22.110000610351562,23.0,25310100.0,WBD,,,,,,,,,,,,,,,,,,
2025-11-13,22.139999389648438,22.139999389648438,22.5,21.8700008392334,22.1299991607666,31904200.0,WBD,,,,,,,,,,,,,,,,,,
2025-11-14,23.030000686645508,23.030000686645508,23.190000534057617,22.530000686645508,22.75,54192800.0,WBD,,,,,,,,,,,,,,,,,,
2025-11-17,22.739999771118164,22.739999771118164,23.149999618530273,22.34000015258789,23.030000686645508,36814300.0,WBD,,,,,,,,,,,,,,,,,,
2025-11-18,23.690000534057617,23.690000534057617,24.190000534057617,22.579999923706055,22.739999771118164,60510100.0,WBD,,,,,,,,,,,,,,,,,,
2025-11-19,23.09000015258789,23.09000015258789,24.010000228881836,22.790000915527344,23.649999618530273,47882200.0,WBD,,,,,,,,,,,,,,,,,,
2025-11-20,22.8799991607666,22.8799991607666,24.010000228881836,22.739999771118164,23.3799991607666,46807500.0,WBD,,,,,,,,,,,,,,,,,,
2025-11-21,23.170000076293945,23.170000076293945,23.579999923706055,22.8799991607666,23.0,38256200.0,WBD,,,,,,,,,,,,,,,,,,
2025-11-24,22.860000610351562,22.860000610351562,23.31999969482422,22.6200008392334,22.950000762939453,50601200.0,WBD,,,,,,,,,,,,,,,,,,
2025-11-25,22.959999084472656,22.959999084472656,23.579999923706055,22.59000015258789,22.850000381469727,31113400.0,WBD,,,,,,,,,,,,,,,,,,
2025-11-26,23.8799991607666,23.8799991607666,23.90999984741211,23.170000076293945,23.170000076293945,40581600.0,WBD,,,,,,,,,,,,,,,,,,
2025-11-28,24.0,24.0,24.200000762939453,23.649999618530273,23.799999237060547,19985500.0,WBD,,,,,,,,,,,,,,,,,,
2025-12-01,23.8700008392334,23.8700008392334,24.1200008392334,23.639999389648438,23.81999969482422,36016900.0,WBD,,,,,,,,,,,,,,,,,,
2025-12-02,24.530000686645508,24.530000686645508,24.760000228881836,24.030000686645508,24.25,46583800.0,WBD,,,,,,,,,,,,,,,,,,
2025-12-03,24.56999969482422,24.56999969482422,24.739999771118164,24.100000381469727,24.239999771118164,22786500.0,WBD,,,,,,,,,,,,,,,,,,
2025-12-04,24.540000915527344,24.540000915527344,24.56999969482422,24.049999237060547,24.170000076293945,38315600.0,WBD,,,,,,,,,,,,,,,,,,
2025-12-05,26.079999923706055,26.079999923706055,26.100000381469727,24.979999542236328,25.450000762939453,198872300.0,WBD,,,,,,,,,,,,,,,,,,
2025-12-08,27.229999542236328,27.229999542236328,28.170000076293945,26.84000015258789,27.639999389648438,167058200.0,WBD,,,,,,,,,,,,,,,,,,
2025-12-09,28.260000228881836,28.260000228881836,28.34000015258789,27.3700008392334,27.459999084472656,106789400.0,WBD,,,,,,,,,,,,,,,,,,
2025-12-10,29.530000686645508,29.530000686645508,29.809999465942383,28.860000610351562,28.979999542236328,103651300.0,WBD,,,,,,,,,,,,,,,,,,
2025-12-11,29.489999771118164,29.489999771118164,29.719999313354492,29.350000381469727,29.440000534057617,43468400.0,WBD,,,,,,,,,,,,,,,,,,
2025-12-12,29.979999542236328,29.979999542236328,30.0,29.75,29.8799991607666,45678400.0,WBD,,,,,,,,,,,,,,,,,,
2025-12-15,29.709999084472656,29.709999084472656,29.920000076293945,29.5,29.84000015258789,53940500.0,WBD,,,,,,,,,,,,,,,,,,
2025-12-16,28.899999618530273,28.899999618530273,29.510000228881836,28.709999084472656,29.459999084472656,85661500.0,WBD,,,,,,,,,,,,,,,,,,
2025-12-17,28.209999084472656,28.209999084472656,28.850000381469727,28.190000534057617,28.549999237060547,70350800.0,WBD,,,,,,,,,,,,,,,,,,
2025-12-18,27.610000610351562,27.610000610351562,28.3799991607666,27.40999984741211,28.350000381469727,67719600.0,WBD,,,,,,,,,,,,,,,,,,
2025-12-19,27.770000457763672,27.770000457763672,28.5,27.579999923706055,27.799999237060547,136466100.0,WBD,,,,,,,,,,,,,,,,,,
2025-12-22,28.75,28.75,28.979999542236328,28.469999313354492,28.850000381469727,45999500.0,WBD,,,,,,,,,,,,,,,,,,
2025-12-23,29.149999618530273,29.149999618530273,29.270000457763672,28.729999542236328,28.760000228881836,49960500.0,WBD,,,,,,,,,,,,,,,,,,
2025-12-24,29.229999542236328,29.229999542236328,29.329999923706055,29.0,29.0,17273100.0,WBD,,,,,,,,,,,,,,,,,,
2025-12-26,28.799999237060547,28.799999237060547,28.93000030517578,28.6200008392334,28.6299991607666,26961300.0,WBD,,,,,,,,,,,,,,,,,,
2025-12-29,28.790000915527344,28.790000915527344,29.100000381469727,28.700000762939453,28.799999237060547,21392000.0,WBD,,,,,,,,,,,,,,,,,,
2025-12-30,28.940000534057617,28.940000534057617,29.030000686645508,28.709999084472656,28.719999313354492,17728400.0,WBD,,,,,,,,,,,,,,,,,,
2025-12-31,28.81999969482422,28.81999969482422,28.959999084472656,28.719999313354492,28.770000457763672,11944500.0,WBD,,,,,,,,,,,,,,,,,,
2026-01-02,28.510000228881836,28.510000228881836,28.850000381469727,28.40999984741211,28.790000915527344,27761700.0,WBD,,,,,,,,,,,,,,,,,,
2026-01-05,28.530000686645508,28.530000686645508,28.920000076293945,28.440000534057617,28.559999465942383,26514000.0,WBD,,,,,,,,,,,,,,,,,,
2026-01-06,28.469999313354492,28.469999313354492,28.579999923706055,28.350000381469727,28.5,18278600.0,WBD,,,,,,,,,,,,,,,,,,
2026-01-07,28.59000015258789,28.59000015258789,28.770000457763672,28.219999313354492,28.290000915527344,24586600.0,WBD,,,,,,,,,,,,,,,,,,
2026-01-08,28.31999969482422,28.31999969482422,28.510000228881836,28.049999237060547,28.459999084472656,22673300.0,WBD,,,,,,,,,,,,,,,,,,
2026-01-09,28.889999389648438,28.889999389648438,29.040000915527344,28.290000915527344,28.31999969482422,37766600.0,WBD,,,,,,,,,,,,,,,,,,
2026-01-12,28.399999618530273,28.399999618530273,28.68000030517578,28.25,28.479999542236328,21925100.0,WBD,,,,,,,,,,,,,,,,,,
2026-01-13,28.860000610351562,28.860000610351562,29.5,28.260000228881836,28.299999237060547,31100500.0,WBD,,,,,,,,,,,,,,,,,,
2026-01-14,28.6299991607666,28.6299991607666,29.200000762939453,28.579999923706055,29.010000228881836,29096000.0,WBD,,,,,,,,,,,,,,,,,,
2026-01-15,28.489999771118164,28.489999771118164,28.850000381469727,28.399999618530273,28.709999084472656,23194400.0,WBD,,,,,,,,,,,,,,,,,,
2026-01-16,28.579999923706055,28.579999923706055,28.780000686645508,28.5,28.639999389648438,27279500.0,WBD,,,,,,,,,,,,,,,,,,
2026-01-20,28.239999771118164,28.239999771118164,28.84000015258789,28.06999969482422,28.479999542236328,31171900.0,WBD,,,,,,,,,,,,,,,,,,
2026-01-21,28.530000686645508,28.530000686645508,28.719999313354492,28.200000762939453,28.31999969482422,22104000.0,WBD,,,,,,,,,,,,,,,,,,
2026-01-22,28.360000610351562,28.360000610351562,28.700000762939453,28.329999923706055,28.5,11295200.0,WBD,,,,,,,,,,,,,,,,,,
2026-01-23,28.579999923706055,28.579999923706055,28.610000610351562,28.25,28.260000228881836,19188000.0,WBD,,,,,,,,,,,,,,,,,,
2026-01-26,28.239999771118164,28.239999771118164,28.520000457763672,28.200000762939453,28.459999084472656,18891800.0,WBD,,,,,,,,,,,,,,,,,,
2026-01-27,28.06999969482422,28.06999969482422,28.309999465942383,28.059999465942383,28.25,21571900.0,WBD,,,,,,,,,,,,,,,,,,
2026-01-28,27.979999542236328,27.979999542236328,28.280000686645508,27.920000076293945,28.09000015258789,17167000.0,WBD,,,,,,,,,,,,,,,,,,
2026-01-29,27.600000381469727,27.600000381469727,28.25,27.559999465942383,28.190000534057617,29227200.0,WBD,,,,,,,,,,,,,,,,,,
2026-01-30,27.540000915527344,27.540000915527344,27.790000915527344,27.360000610351562,27.549999237060547,24238600.0,WBD,,,,,,,,,,,,,,,,,,
2026-02-02,27.520000457763672,27.520000457763672,27.8700008392334,27.489999771118164,27.520000457763672,20979200.0,WBD,,,,,,,,,,,,,,,,,,
2026-02-03,27.190000534057617,27.190000534057617,27.6200008392334,27.020000457763672,27.510000228881836,17516100.0,WBD,,,,,,,,,,,,,,,,,,
2026-02-04,27.030000686645508,27.030000686645508,27.260000228881836,26.860000610351562,27.200000762939453,27564700.0,WBD,,,,,,,,,,,,,,,,,,
2026-02-05,26.760000228881836,26.760000228881836,27.1200008392334,26.610000610351562,27.059999465942383,29457400.0,WBD,,,,,,,,,,,,,,,,,,
2026-02-06,27.360000610351562,27.360000610351562,27.479999542236328,26.850000381469727,26.899999618530273,33623700.0,WBD,,,,,,,,,,,,,,,,,,
2026-02-09,27.209999084472656,27.209999084472656,27.420000076293945,27.049999237060547,27.34000015258789,16493500.0,WBD,,,,,,,,,,,,,,,,,,
2026-02-10,27.799999237060547,27.799999237060547,27.969999313354492,27.450000762939453,27.68000030517578,35199000.0,WBD,,,,,,,,,,,,,,,,,,
2026-02-11,27.989999771118164,27.989999771118164,28.280000686645508,27.829999923706055,28.010000228881836,22494800.0,WBD,,,,,,,,,,,,,,,,,,
2026-02-12,28.110000610351562,28.110000610351562,28.18000030517578,27.610000610351562,28.1299991607666,24763600.0,WBD,,,,,,,,,,,,,,,,,,
2026-02-13,27.989999771118164,27.989999771118164,28.18000030517578,27.899999618530273,28.06999969482422,13200900.0,WBD,,,,,,,,,,,,,,,,,,
2026-02-17,28.75,28.75,29.010000228881836,28.56999969482422,28.690000534057617,31951400.0,WBD,,,,,,,,,,,,,,,,,,
2026-02-18,28.790000915527344,28.790000915527344,28.969999313354492,28.59000015258789,28.860000610351562,19347600.0,WBD,,,,,,,,,,,,,,,,,,
2026-02-19,28.530000686645508,28.530000686645508,29.190000534057617,28.510000228881836,28.59000015258789,23920900.0,WBD,,,,,,,,,,,,,,,,,,
2026-02-20,28.75,28.75,28.780000686645508,28.520000457763672,28.690000534057617,19879100.0,WBD,,,,,,,,,,,,,,,,,,
2026-02-23,28.920000076293945,28.920000076293945,28.989999771118164,28.739999771118164,28.81999969482422,13040200.0,WBD,,,,,,,,,,,,,,,,,,
2026-02-24,29.149999618530273,29.149999618530273,29.200000762939453,28.93000030517578,29.0,27447500.0,WBD,,,,,,,,,,,,,,,,,,
2026-02-25,28.899999618530273,28.899999618530273,29.100000381469727,28.850000381469727,29.040000915527344,22322700.0,WBD,,,,,,,,,,,,,,,,,,
2026-02-26,28.799999237060547,28.799999237060547,29.010000228881836,28.760000228881836,28.790000915527344,19997600.0,WBD,,,,,,,,,,,,,,,,,,
2026-02-27,28.170000076293945,28.170000076293945,28.399999618530273,28.1200008392334,28.389999389648438,68764300.0,WBD,,,,,,,,,,,,,,,,,,
2026-03-02,28.5,28.5,28.5,28.010000228881836,28.010000228881836,39788000.0,WBD,,,,,,,,,,,,,,,,,,
2026-03-03,28.200000762939453,28.200000762939453,28.459999084472656,28.170000076293945,28.299999237060547,30850300.0,WBD,,,,,,,,,,,,,,,,,,
2026-03-04,27.950000762939453,27.950000762939453,28.190000534057617,27.93000030517578,28.139999389648438,37695900.0,WBD,,,,,,,,,,,,,,,,,,
2026-03-05,28.0,28.0,28.0,27.809999465942383,27.899999618530273,25037800.0,WBD,,,,,,,,,,,,,,,,,,
2026-03-06,27.950000762939453,27.950000762939453,27.989999771118164,27.670000076293945,27.760000228881836,23266600.0,WBD,,,,,,,,,,,,,,,,,,
2026-03-09,27.75,27.75,27.940000534057617,27.709999084472656,27.850000381469727,24402700.0,WBD,,,,,,,,,,,,,,,,,,
2026-03-10,27.760000228881836,27.760000228881836,27.950000762939453,27.690000534057617,27.739999771118164,18009100.0,WBD,,,,,,,,,,,,,,,,,,
2026-03-11,27.809999465942383,27.809999465942383,27.93000030517578,27.75,27.760000228881836,21253600.0,WBD,,,,,,,,,,,,,,,,,,
2026-03-12,27.43000030517578,27.43000030517578,27.809999465942383,27.399999618530273,27.709999084472656,23863400.0,WBD,,,,,,,,,,,,,,,,,,
2026-03-13,27.139999389648438,27.139999389648438,27.520000457763672,27.020000457763672,27.489999771118164,26304008.0,WBD,,,,,,,,,,,,,,,,,,
2025-08-14,,,,,,,PSKY,14.286995887756348,14.380000114440918,14.9399995803833,13.670000076293945,14.899999618530273,26039900.0,,,,,,,,,,,,
2025-08-15,,,,,,,PSKY,13.631264686584473,13.720000267028809,14.600000381469727,13.65999984741211,14.380000114440918,16703500.0,,,,,,,,,,,,
2025-08-18,,,,,,,PSKY,13.412686347961426,13.5,13.899999618530273,13.229999542236328,13.720000267028809,11959400.0,,,,,,,,,,,,
2025-08-19,,,,,,,PSKY,13.392816543579102,13.479999542236328,13.670000076293945,12.960000038146973,13.510000228881836,11058900.0,,,,,,,,,,,,
2025-08-20,,,,,,,PSKY,13.889581680297852,13.979999542236328,14.0600004196167,13.319999694824219,13.5,9088500.0,,,,,,,,,,,,
2025-08-21,,,,,,,PSKY,15.926324844360352,16.030000686645508,16.299999237060547,13.949999809265137,13.949999809265137,46431500.0,,,,,,,,,,,,
2025-08-22,,,,,,,PSKY,15.896517753601074,16.0,16.639999389648438,15.25,15.569999694824219,14871600.0,,,,,,,,,,,,
2025-08-25,,,,,,,PSKY,15.85677719116211,15.960000038146973,16.399999618530273,15.75,15.90999984741211,8131600.0,,,,,,,,,,,,
2025-08-26,,,,,,,PSKY,15.737552642822266,15.84000015258789,15.90999984741211,15.149999618530273,15.710000038146973,14226800.0,,,,,,,,,,,,
2025-08-27,,,,,,,PSKY,14.714215278625488,14.8100004196167,15.710000038146973,14.630000114440918,15.710000038146973,12166100.0,,,,,,,,,,,,
2025-08-28,,,,,,,PSKY,14.594990730285645,14.6899995803833,15.029999732971191,14.420000076293945,14.770000457763672,5585000.0,,,,,,,,,,,,
2025-08-29,,,,,,,PSKY,14.604926109313965,14.699999809265137,14.789999961853027,14.380000114440918,14.619999885559082,4862800.0,,,,,,,,,,,,
2025-09-02,,,,,,,PSKY,14.366477966308594,14.460000038146973,14.65999984741211,14.1899995803833,14.539999961853027,5127200.0,,,,,,,,,,,,
2025-09-03,,,,,,,PSKY,14.962597846984863,15.0600004196167,15.3100004196167,14.390000343322754,14.449999809265137,8362700.0,,,,,,,,,,,,
2025-09-04,,,,,,,PSKY,14.644667625427246,14.739999771118164,15.039999961853027,14.40999984741211,14.920000076293945,5291800.0,,,,,,,,,,,,
2025-09-05,,,,,,,PSKY,14.902985572814941,15.0,15.180000305175781,14.479999542236328,14.479999542236328,7422200.0,,,,,,,,,,,,
2025-09-08,,,,,,,PSKY,15.091756820678711,15.1899995803833,15.239999771118164,14.75,15.069999694824219,6514800.0,,,,,,,,,,,,
2025-09-09,,,,,,,PSKY,15.101692199707031,15.199999809265137,15.470000267028809,14.720000267028809,14.949999809265137,6071100.0,,,,,,,,,,,,
2025-09-10,,,,,,,PSKY,15.012273788452148,15.109999656677246,15.789999961853027,14.829999923706055,15.300000190734863,6164300.0,,,,,,,,,,,,
2025-09-11,,,,,,,PSKY,17.347074508666992,17.459999084472656,17.579999923706055,13.989999771118164,15.020000457763672,48508800.0,,,,,,,,,,,,
2025-09-12,,,,,,,PSKY,18.668474197387695,18.790000915527344,18.8700008392334,16.899999618530273,17.459999084472656,32421300.0,,,,,,,,,,,,
2025-09-15,,,,,,,PSKY,18.509084701538086,18.579999923706055,19.049999237060547,18.219999313354492,18.799999237060547,11157400.0,,,,,,,,,,,,
2025-09-16,,,,,,,PSKY,17.463092803955078,17.530000686645508,18.6200008392334,17.450000762939453,18.59000015258789,9622700.0,,,,,,,,,,,,
2025-09-17,,,,,,,PSKY,17.85160255432129,17.920000076293945,18.309999465942383,17.56999969482422,17.639999389648438,7332400.0,,,,,,,,,,,,
2025-09-18,,,,,,,PSKY,17.81175422668457,17.8799991607666,18.149999618530273,17.65999984741211,18.0,5567000.0,,,,,,,,,,,,
2025-09-19,,,,,,,PSKY,18.84778594970703,18.920000076293945,19.229999542236328,17.700000762939453,18.0,21734800.0,,,,,,,,,,,,
2025-09-22,,,,,,,PSKY,18.538970947265625,18.610000610351562,19.299999237060547,18.479999542236328,18.920000076293945,13813100.0,,,,,,,,,,,,
2025-09-23,,,,,,,PSKY,19.654693603515625,19.729999542236328,20.860000610351562,18.290000915527344,18.690000534057617,23432200.0,,,,,,,,,,,,
2025-09-24,,,,,,,PSKY,19.04702377319336,19.1200008392334,20.049999237060547,19.0,19.579999923706055,11908400.0,,,,,,,,,,,,
2025-09-25,,,,,,,PSKY,18.85774803161621,18.93000030517578,19.34000015258789,18.600000381469727,18.729999542236328,7548200.0,,,,,,,,,,,,
2025-09-26,,,,,,,PSKY,18.84778594970703,18.920000076293945,19.139999389648438,18.68000030517578,18.90999984741211,4528900.0,,,,,,,,,,,,
2025-09-29,,,,,,,PSKY,19.425573348999023,19.5,19.700000762939453,18.309999465942383,19.170000076293945,8183600.0,,,,,,,,,,,,
2025-09-30,,,,,,,PSKY,18.84778594970703,18.920000076293945,20.09000015258789,18.8700008392334,19.309999465942383,11997100.0,,,,,,,,,,,,
2025-10-01,,,,,,,PSKY,18.817899703979492,18.889999389648438,19.1299991607666,18.600000381469727,18.8799991607666,4903000.0,,,,,,,,,,,,
2025-10-02,,,,,,,PSKY,18.548933029174805,18.6200008392334,19.149999618530273,18.610000610351562,18.90999984741211,4635400.0,,,,,,,,,,,,
2025-10-03,,,,,,,PSKY,19.01713752746582,19.09000015258789,19.450000762939453,18.600000381469727,18.600000381469727,12239000.0,,,,,,,,,,,,
2025-10-06,,,,,,,PSKY,19.056983947753906,19.1299991607666,19.219999313354492,18.68000030517578,19.139999389648438,10251200.0,,,,,,,,,,,,
2025-10-07,,,,,,,PSKY,18.43935203552246,18.510000228881836,19.219999313354492,18.229999542236328,19.09000015258789,5035200.0,,,,,,,,,,,,
2025-10-08,,,,,,,PSKY,18.42938995361328,18.5,18.8700008392334,18.139999389648438,18.3799991607666,8336300.0,,,,,,,,,,,,
2025-10-09,,,,,,,PSKY,17.901411056518555,17.969999313354492,18.649999618530273,17.899999618530273,18.5,4697900.0,,,,,,,,,,,,
2025-10-10,,,,,,,PSKY,16.93511390686035,17.0,18.100000381469727,16.889999389648438,18.100000381469727,6055600.0,,,,,,,,,,,,
2025-10-13,,,,,,,PSKY,17.034732818603516,17.100000381469727,17.540000915527344,17.040000915527344,17.1299991607666,4426700.0,,,,,,,,,,,,
2025-10-14,,,,,,,PSKY,17.224008560180664,17.290000915527344,17.440000534057617,16.6299991607666,16.959999084472656,4230800.0,,,,,,,,,,,,
2025-10-15,,,,,,,PSKY,17.363473892211914,17.43000030517578,17.68000030517578,17.079999923706055,17.270000457763672,3790100.0,,,,,,,,,,,,
2025-10-16,,,,,,,PSKY,16.83549690246582,16.899999618530273,17.43000030517578,16.760000228881836,17.350000381469727,4354500.0,,,,,,,,,,,,
2025-10-17,,,,,,,PSKY,16.70599365234375,16.770000457763672,16.989999771118164,16.510000228881836,16.780000686645508,4216200.0,,,,,,,,,,,,
2025-10-20,,,,,,,PSKY,16.925151824951172,16.989999771118164,17.09000015258789,16.649999618530273,16.93000030517578,2422000.0,,,,,,,,,,,,
2025-10-21,,,,,,,PSKY,16.446985244750977,16.510000228881836,17.290000915527344,16.450000762939453,17.149999618530273,4350700.0,,,,,,,,,,,,
2025-10-22,,,,,,,PSKY,16.506755828857422,16.56999969482422,16.729999542236328,16.280000686645508,16.469999313354492,2655200.0,,,,,,,,,,,,
2025-10-23,,,,,,,PSKY,16.407136917114258,16.469999313354492,16.8700008392334,16.459999084472656,16.56999969482422,3585500.0,,,,,,,,,,,,
2025-10-24,,,,,,,PSKY,16.65618324279785,16.719999313354492,16.889999389648438,16.579999923706055,16.690000534057617,2239000.0,,,,,,,,,,,,
2025-10-27,,,,,,,PSKY,16.506755828857422,16.56999969482422,16.93000030517578,16.360000610351562,16.809999465942383,3798300.0,,,,,,,,,,,,
2025-10-28,,,,,,,PSKY,16.148128509521484,16.209999084472656,16.559999465942383,16.110000610351562,16.559999465942383,3481800.0,,,,,,,,,,,,
2025-10-29,,,,,,,PSKY,15.819389343261719,15.880000114440918,16.280000686645508,15.8100004196167,16.209999084472656,4414400.0,,,,,,,,,,,,
2025-10-30,,,,,,,PSKY,15.400992393493652,15.460000038146973,15.859999656677246,15.369999885559082,15.789999961853027,4880200.0,,,,,,,,,,,,
2025-10-31,,,,,,,PSKY,15.331259727478027,15.390000343322754,15.649999618530273,15.289999961853027,15.380000114440918,6730500.0,,,,,,,,,,,,
2025-11-03,,,,,,,PSKY,15.36114501953125,15.420000076293945,15.470000267028809,14.869999885559082,15.359999656677246,6608200.0,,,,,,,,,,,,
2025-11-04,,,,,,,PSKY,14.78335952758789,14.84000015258789,15.4399995803833,14.789999961853027,15.210000038146973,7350400.0,,,,,,,,,,,,
2025-11-05,,,,,,,PSKY,15.032404899597168,15.09000015258789,15.34000015258789,14.829999923706055,14.850000381469727,6114600.0,,,,,,,,,,,,
2025-11-06,,,,,,,PSKY,14.743512153625488,14.800000190734863,15.399999618530273,14.729999542236328,15.09000015258789,6506000.0,,,,,,,,,,,,
2025-11-07,,,,,,,PSKY,15.042366981506348,15.100000381469727,15.279999732971191,14.649999618530273,14.65999984741211,9772900.0,,,,,,,,,,,,
2025-11-10,,,,,,,PSKY,15.191794395446777,15.25,15.319999694824219,14.970000267028809,15.130000114440918,13006300.0,,,,,,,,,,,,
2025-11-11,,,,,,,PSKY,16.67610740661621,16.739999771118164,17.15999984741211,16.010000228881836,16.209999084472656,15858700.0,,,,,,,,,,,,
2025-11-12,,,,,,,PSKY,15.51057243347168,15.569999694824219,16.600000381469727,15.270000457763672,16.559999465942383,12218000.0,,,,,,,,,,,,
2025-11-13,,,,,,,PSKY,15.311335563659668,15.369999885559082,15.789999961853027,15.289999961853027,15.479999542236328,5957600.0,,,,,,,,,,,,
2025-11-14,,,,,,,PSKY,15.620153427124023,15.680000305175781,15.770000457763672,15.050000190734863,15.279999732971191,6226900.0,,,,,,,,,,,,
2025-11-17,,,,,,,PSKY,15.669961929321289,15.729999542236328,15.930000305175781,15.600000381469727,15.720000267028809,7821900.0,,,,,,,,,,,,
2025-11-18,,,,,,,PSKY,16.028587341308594,16.09000015258789,16.309999465942383,15.25,15.699999809265137,10117500.0,,,,,,,,,,,,
2025-11-19,,,,,,,PSKY,15.410954475402832,15.470000267028809,16.149999618530273,15.449999809265137,15.979999542236328,7942600.0,,,,,,,,,,,,
2025-11-20,,,,,,,PSKY,15.620153427124023,15.680000305175781,16.299999237060547,15.520000457763672,15.579999923706055,8946300.0,,,,,,,,,,,,
2025-11-21,,,,,,,PSKY,15.829351425170898,15.890000343322754,16.040000915527344,15.460000038146973,15.699999809265137,5483100.0,,,,,,,,,,,,
2025-11-24,,,,,,,PSKY,15.002519607543945,15.0600004196167,15.899999618530273,15.0,15.890000343322754,13558300.0,,,,,,,,,,,,
2025-11-25,,,,,,,PSKY,15.580306053161621,15.640000343322754,15.670000076293945,15.100000381469727,15.149999618530273,4552500.0,,,,,,,,,,,,
2025-11-26,,,,,,,PSKY,15.729732513427734,15.789999961853027,15.850000381469727,15.449999809265137,15.680000305175781,6666200.0,,,,,,,,,,,,
2025-11-28,,,,,,,PSKY,15.958855628967285,16.020000457763672,16.030000686645508,15.489999771118164,15.800000190734863,2774900.0,,,,,,,,,,,,
2025-12-01,,,,,,,PSKY,15.650038719177246,15.710000038146973,15.899999618530273,15.5,15.8100004196167,4571600.0,,,,,,,,,,,,
2025-12-02,,,,,,,PSKY,15.759617805480957,15.819999694824219,16.049999237060547,15.5,15.710000038146973,6446300.0,,,,,,,,,,,,
2025-12-03,,,,,,,PSKY,14.614007949829102,14.670000076293945,15.829999923706055,14.640000343322754,15.800000190734863,9614700.0,,,,,,,,,,,,
2025-12-04,,,,,,,PSKY,14.763435363769531,14.819999694824219,14.90999984741211,14.25,14.630000114440918,7527200.0,,,,,,,,,,,,
2025-12-05,,,,,,,PSKY,13.3189697265625,13.369999885559082,14.40999984741211,13.199999809265137,14.40999984741211,27103900.0,,,,,,,,,,,,
2025-12-08,,,,,,,PSKY,14.514389038085938,14.569999694824219,14.760000228881836,13.529999732971191,14.079999923706055,39522900.0,,,,,,,,,,,,
2025-12-09,,,,,,,PSKY,14.584122657775879,14.640000343322754,14.8100004196167,13.970000267028809,14.420000076293945,15404800.0,,,,,,,,,,,,
2025-12-10,,,,,,,PSKY,14.663817405700684,14.720000267028809,15.300000190734863,14.550000190734863,14.680000305175781,14626200.0,,,,,,,,,,,,
2025-12-11,,,,,,,PSKY,14.066106796264648,14.119999885559082,15.029999732971191,14.050000190734863,14.8100004196167,19132600.0,,,,,,,,,,,,
2025-12-12,,,,,,,PSKY,13.687557220458984,13.739999771118164,14.239999771118164,13.710000038146973,14.09000015258789,10241500.0,,,,,,,,,,,,
2025-12-15,,,,,,,PSKY,13.936602592468262,13.989999771118164,14.0,13.470000267028809,13.779999732971191,6609300.0,,,,,,,,,,,,
2025-12-16,,,,,,,PSKY,13.797138214111328,13.850000381469727,13.979999542236328,13.510000228881836,13.859999656677246,7513000.0,,,,,,,,,,,,
2025-12-17,,,,,,,PSKY,13.050000190734863,13.100000381469727,13.579999923706055,13.0600004196167,13.550000190734863,12883200.0,,,,,,,,,,,,
2025-12-18,,,,,,,PSKY,13.010000228881836,13.010000228881836,13.239999771118164,12.949999809265137,13.109999656677246,7405300.0,,,,,,,,,,,,
2025-12-19,,,,,,,PSKY,13.050000190734863,13.050000190734863,13.140000343322754,12.869999885559082,12.949999809265137,23333000.0,,,,,,,,,,,,
2025-12-22,,,,,,,PSKY,13.609999656677246,13.609999656677246,14.100000381469727,13.4399995803833,13.479999542236328,11618000.0,,,,,,,,,,,,
2025-12-23,,,,,,,PSKY,13.529999732971191,13.529999732971191,13.640000343322754,13.4399995803833,13.489999771118164,4407500.0,,,,,,,,,,,,
2025-12-24,,,,,,,PSKY,13.739999771118164,13.739999771118164,13.75,13.359999656677246,13.489999771118164,2464100.0,,,,,,,,,,,,
2025-12-26,,,,,,,PSKY,13.59000015258789,13.59000015258789,13.739999771118164,13.460000038146973,13.699999809265137,2886800.0,,,,,,,,,,,,
2025-12-29,,,,,,,PSKY,13.5,13.5,13.5600004196167,13.420000076293945,13.5,4764400.0,,,,,,,,,,,,
2025-12-30,,,,,,,PSKY,13.510000228881836,13.510000228881836,13.6899995803833,13.399999618530273,13.399999618530273,3937200.0,,,,,,,,,,,,
2025-12-31,,,,,,,PSKY,13.399999618530273,13.399999618530273,13.510000228881836,13.34000015258789,13.390000343322754,5084300.0,,,,,,,,,,,,
2026-01-02,,,,,,,PSKY,13.180000305175781,13.180000305175781,13.430000305175781,13.130000114440918,13.399999618530273,5927700.0,,,,,,,,,,,,
2026-01-05,,,,,,,PSKY,12.979999542236328,12.979999542236328,13.170000076293945,12.890000343322754,13.130000114440918,7570600.0,,,,,,,,,,,,
2026-01-06,,,,,,,PSKY,12.5,12.5,12.979999542236328,12.449999809265137,12.979999542236328,11137900.0,,,,,,,,,,,,
2026-01-07,,,,,,,PSKY,12.369999885559082,12.369999885559082,12.600000381469727,12.229999542236328,12.5600004196167,6702800.0,,,,,,,,,,,,
2026-01-08,,,,,,,PSKY,12.270000457763672,12.270000457763672,12.510000228881836,12.25,12.359999656677246,7859300.0,,,,,,,,,,,,
2026-01-09,,,,,,,PSKY,12.0600004196167,12.0600004196167,12.319999694824219,12.020000457763672,12.289999961853027,7700100.0,,,,,,,,,,,,
2026-01-12,,,,,,,PSKY,12.149999618530273,12.149999618530273,12.199999809265137,11.970000267028809,12.010000228881836,6919800.0,,,,,,,,,,,,
2026-01-13,,,,,,,PSKY,12.140000343322754,12.140000343322754,12.220000267028809,12.039999961853027,12.130000114440918,7364500.0,,,,,,,,,,,,
2026-01-14,,,,,,,PSKY,12.079999923706055,12.079999923706055,12.199999809265137,12.0,12.130000114440918,4829700.0,,,,,,,,,,,,
2026-01-15,,,,,,,PSKY,11.829999923706055,11.829999923706055,12.119999885559082,11.770000457763672,12.069999694824219,6835800.0,,,,,,,,,,,,
2026-01-16,,,,,,,PSKY,11.800000190734863,11.800000190734863,11.960000038146973,11.75,11.890000343322754,6144200.0,,,,,,,,,,,,
2026-01-20,,,,,,,PSKY,11.550000190734863,11.550000190734863,11.819999694824219,11.449999809265137,11.529999732971191,11269900.0,,,,,,,,,,,,
2026-01-21,,,,,,,PSKY,11.600000381469727,11.600000381469727,11.630000114440918,11.420000076293945,11.510000228881836,5892500.0,,,,,,,,,,,,
2026-01-22,,,,,,,PSKY,11.779999732971191,11.779999732971191,11.9399995803833,11.649999618530273,11.710000038146973,7224800.0,,,,,,,,,,,,
2026-01-23,,,,,,,PSKY,11.699999809265137,11.699999809265137,11.829999923706055,11.699999809265137,11.729999542236328,4484100.0,,,,,,,,,,,,
2026-01-26,,,,,,,PSKY,11.890000343322754,11.890000343322754,12.0,11.579999923706055,11.75,6274200.0,,,,,,,,,,,,
2026-01-27,,,,,,,PSKY,11.550000190734863,11.550000190734863,11.960000038146973,11.460000038146973,11.90999984741211,5415900.0,,,,,,,,,,,,
2026-01-28,,,,,,,PSKY,11.34000015258789,11.34000015258789,11.65999984741211,11.329999923706055,11.59000015258789,4473300.0,,,,,,,,,,,,
2026-01-29,,,,,,,PSKY,11.260000228881836,11.260000228881836,11.34000015258789,10.960000038146973,11.34000015258789,7729500.0,,,,,,,,,,,,
2026-01-30,,,,,,,PSKY,11.210000038146973,11.210000038146973,11.260000228881836,10.979999542236328,11.220000267028809,5752700.0,,,,,,,,,,,,
2026-02-02,,,,,,,PSKY,11.180000305175781,11.180000305175781,11.229999542236328,11.029999732971191,11.100000381469727,5975900.0,,,,,,,,,,,,
2026-02-03,,,,,,,PSKY,10.8100004196167,10.8100004196167,11.149999618530273,10.75,11.109999656677246,11221700.0,,,,,,,,,,,,
2026-02-04,,,,,,,PSKY,10.75,10.75,10.979999542236328,10.649999618530273,10.800000190734863,11096000.0,,,,,,,,,,,,
2026-02-05,,,,,,,PSKY,10.520000457763672,10.520000457763672,10.850000381469727,10.34000015258789,10.800000190734863,7618700.0,,,,,,,,,,,,
2026-02-06,,,,,,,PSKY,10.5600004196167,10.5600004196167,10.779999732971191,10.449999809265137,10.600000381469727,7137200.0,,,,,,,,,,,,
2026-02-09,,,,,,,PSKY,10.680000305175781,10.680000305175781,10.6899995803833,10.3100004196167,10.5,7458900.0,,,,,,,,,,,,
2026-02-10,,,,,,,PSKY,10.84000015258789,10.84000015258789,10.930000305175781,10.699999809265137,10.770000457763672,8683400.0,,,,,,,,,,,,
2026-02-11,,,,,,,PSKY,11.010000228881836,11.010000228881836,11.069999694824219,10.680000305175781,10.829999923706055,6938500.0,,,,,,,,,,,,
2026-02-12,,,,,,,PSKY,10.25,10.25,11.020000457763672,10.149999618530273,11.0,10202100.0,,,,,,,,,,,,
2026-02-13,,,,,,,PSKY,10.319999694824219,10.319999694824219,10.449999809265137,10.1899995803833,10.270000457763672,8460500.0,,,,,,,,,,,,
2026-02-17,,,,,,,PSKY,10.829999923706055,10.829999923706055,11.329999923706055,10.619999885559082,10.619999885559082,13681700.0,,,,,,,,,,,,
2026-02-18,,,,,,,PSKY,11.119999885559082,11.119999885559082,11.25,10.699999809265137,10.829999923706055,7349000.0,,,,,,,,,,,,
2026-02-19,,,,,,,PSKY,10.9399995803833,10.9399995803833,11.130000114440918,10.779999732971191,11.079999923706055,6815200.0,,,,,,,,,,,,
2026-02-20,,,,,,,PSKY,10.710000038146973,10.710000038146973,10.970000267028809,10.710000038146973,10.949999809265137,8880900.0,,,,,,,,,,,,
2026-02-23,,,,,,,PSKY,10.5600004196167,10.5600004196167,10.739999771118164,10.399999618530273,10.729999542236328,9263800.0,,,,,,,,,,,,
2026-02-24,,,,,,,PSKY,10.390000343322754,10.390000343322754,10.680000305175781,10.359999656677246,10.510000228881836,7891300.0,,,,,,,,,,,,
2026-02-25,,,,,,,PSKY,10.15999984741211,10.15999984741211,10.550000190734863,10.149999618530273,10.399999618530273,13242200.0,,,,,,,,,,,,
2026-02-26,,,,,,,PSKY,11.180000305175781,11.180000305175781,11.300000190734863,10.3100004196167,10.319999694824219,16079400.0,,,,,,,,,,,,
2026-02-27,,,,,,,PSKY,13.510000228881836,13.510000228881836,14.0,10.979999542236328,11.210000038146973,91699600.0,,,,,,,,,,,,
2026-03-02,,,,,,,PSKY,13.34000015258789,13.34000015258789,14.100000381469727,13.0600004196167,14.100000381469727,27383800.0,,,,,,,,,,,,
2026-03-03,,,,,,,PSKY,12.449999809265137,12.449999809265137,13.119999885559082,12.25,12.850000381469727,22139400.0,,,,,,,,,,,,
2026-03-04,,,,,,,PSKY,12.050000190734863,12.050000190734863,12.630000114440918,12.010000228881836,12.300000190734863,14241900.0,,,,,,,,,,,,
2026-03-05,,,,,,,PSKY,11.739999771118164,11.739999771118164,12.510000228881836,11.710000038146973,12.0600004196167,17429400.0,,,,,,,,,,,,
2026-03-06,,,,,,,PSKY,11.989999771118164,11.989999771118164,12.140000343322754,11.329999923706055,11.529999732971191,11347300.0,,,,,,,,,,,,
2026-03-09,,,,,,,PSKY,11.1899995803833,11.1899995803833,11.600000381469727,11.020000457763672,11.489999771118164,13474600.0,,,,,,,,,,,,
2026-03-10,,,,,,,PSKY,10.329999923706055,10.329999923706055,11.09000015258789,10.25,11.029999732971191,21087800.0,,,,,,,,,,,,
2026-03-11,,,,,,,PSKY,9.9399995803833,9.9399995803833,10.420000076293945,9.90999984741211,10.380000114440918,12482400.0,,,,,,,,,,,,
2026-03-12,,,,,,,PSKY,9.800000190734863,9.800000190734863,10.050000190734863,9.789999961853027,9.850000381469727,10735700.0,,,,,,,,,,,,
2026-03-13,,,,,,,PSKY,9.720000267028809,9.720000267028809,9.989999771118164,9.539999961853027,9.850000381469727,16571643.0,,,,,,,,,,,,
2025-08-14,,,,,,,NFLX,,,,,,,123.05599975585938,123.05599975585938,124.40899658203125,120.7030029296875,120.98899841308594,39047000.0,,,,,,
2025-08-15,,,,,,,NFLX,,,,,,,123.8949966430664,123.8949966430664,124.69400024414062,122.78800201416016,123.40399932861328,27678000.0,,,,,,
2025-08-18,,,,,,,NFLX,,,,,,,124.50900268554688,124.50900268554688,125.11599731445312,123.54499816894531,123.56300354003906,21111000.0,,,,,,
2025-08-19,,,,,,,NFLX,,,,,,,121.41500091552734,121.41500091552734,124.0999984741211,119.27899932861328,124.0199966430664,37077000.0,,,,,,
2025-08-20,,,,,,,NFLX,,,,,,,121.38600158691406,121.38600158691406,122.30000305175781,119.33100128173828,121.80000305175781,24344000.0,,,,,,
2025-08-21,,,,,,,NFLX,,,,,,,120.62100219726562,120.62100219726562,122.13999938964844,119.76399993896484,121.14299774169922,20472000.0,,,,,,
2025-08-22,,,,,,,NFLX,,,,,,,120.46499633789062,120.46499633789062,121.36199951171875,119.822998046875,120.88800048828125,31281000.0,,,,,,
2025-08-25,,,,,,,NFLX,,,,,,,121.80699920654297,121.80699920654297,123.37999725341797,119.9000015258789,120.16500091552734,28120000.0,,,,,,
2025-08-26,,,,,,,NFLX,,,,,,,122.60900115966797,122.60900115966797,123.1500015258789,121.22000122070312,122.02100372314453,19857000.0,,,,,,
2025-08-27,,,,,,,NFLX,,,,,,,122.3499984741211,122.3499984741211,122.9209976196289,121.30000305175781,122.36100006103516,16645000.0,,,,,,
2025-08-28,,,,,,,NFLX,,,,,,,123.1449966430664,123.1449966430664,123.78900146484375,121.427001953125,122.27899932861328,19503000.0,,,,,,
2025-08-29,,,,,,,NFLX,,,,,,,120.82499694824219,120.82499694824219,122.87899780273438,120.11499786376953,122.7969970703125,32098000.0,,,,,,
2025-09-02,,,,,,,NFLX,,,,,,,121.41100311279297,121.41100311279297,121.54000091552734,118.27999877929688,119.69999694824219,23033000.0,,,,,,
2025-09-03,,,,,,,NFLX,,,,,,,122.61799621582031,122.61799621582031,122.69999694824219,120.33799743652344,120.51399993896484,24715000.0,,,,,,
2025-09-04,,,,,,,NFLX,,,,,,,125.74800109863281,125.74800109863281,125.74800109863281,122.30899810791016,122.31999969482422,30235000.0,,,,,,
2025-09-05,,,,,,,NFLX,,,,,,,124.38200378417969,124.38200378417969,126.70999908447266,123.9020004272461,126.0,23797000.0,,,,,,
2025-09-08,,,,,,,NFLX,,,,,,,124.47599792480469,124.47599792480469,125.2040023803711,123.19999694824219,124.85399627685547,19151000.0,,,,,,
2025-09-09,,,,,,,NFLX,,,,,,,126.32499694824219,126.32499694824219,126.5719985961914,124.66699981689453,124.66699981689453,22197000.0,,,,,,
2025-09-10,,,,,,,NFLX,,,,,,,124.77100372314453,124.77100372314453,126.69999694824219,124.63600158691406,126.39700317382812,27010000.0,,,,,,
2025-09-11,,,,,,,NFLX,,,,,,,120.3499984741211,120.3499984741211,125.34500122070312,119.19999694824219,125.0999984741211,56823000.0,,,,,,
2025-09-12,,,,,,,NFLX,,,,,,,118.84400177001953,118.84400177001953,121.1780014038086,118.23999786376953,120.30599975585938,37849000.0,,,,,,
2025-09-15,,,,,,,NFLX,,,,,,,120.22599792480469,120.22599792480469,120.7239990234375,117.32099914550781,118.83999633789062,29093000.0,,,,,,
2025-09-16,,,,,,,NFLX,,,,,,,120.0510025024414,120.0510025024414,120.9000015258789,119.72799682617188,120.56400299072266,24047000.0,,,,,,
2025-09-17,,,,,,,NFLX,,,,,,,122.8499984741211,122.8499984741211,123.39299774169922,120.66100311279297,122.10199737548828,34598000.0,,,,,,
2025-09-18,,,,,,,NFLX,,,,,,,120.77799987792969,120.77799987792969,123.30000305175781,120.55000305175781,122.08200073242188,31691000.0,,,,,,
2025-09-19,,,,,,,NFLX,,,,,,,122.6969985961914,122.6969985961914,122.99500274658203,120.80999755859375,121.86199951171875,49476000.0,,,,,,
2025-09-22,,,,,,,NFLX,,,,,,,122.73699951171875,122.73699951171875,122.97599792480469,121.42400360107422,122.19000244140625,25468000.0,,,,,,
2025-09-23,,,,,,,NFLX,,,,,,,121.84700012207031,121.84700012207031,122.77899932861328,120.84700012207031,122.73300170898438,24991000.0,,,,,,
2025-09-24,,,,,,,NFLX,,,,,,,120.3949966430664,120.3949966430664,122.1500015258789,119.41999816894531,121.86100006103516,27731000.0,,,,,,
2025-09-25,,,,,,,NFLX,,,,,,,120.8239974975586,120.8239974975586,121.68399810791016,119.1510009765625,120.30899810791016,19978000.0,,,,,,
2025-09-26,,,,,,,NFLX,,,,,,,121.06099700927734,121.06099700927734,121.4000015258789,120.0,120.54199981689453,19450000.0,,,,,,
2025-09-29,,,,,,,NFLX,,,,,,,120.64099884033203,120.64099884033203,122.4489974975586,118.75399780273438,120.5,30332000.0,,,,,,
2025-09-30,,,,,,,NFLX,,,,,,,119.89199829101562,119.89199829101562,120.8499984741211,117.80000305175781,120.64099884033203,38303000.0,,,,,,
2025-10-01,,,,,,,NFLX,,,,,,,117.08999633789062,117.08999633789062,117.91400146484375,116.32099914550781,117.54900360107422,41102000.0,,,,,,
2025-10-02,,,,,,,NFLX,,,,,,,116.25299835205078,116.25299835205078,116.33300018310547,113.4000015258789,116.1500015258789,46855000.0,,,,,,
2025-10-03,,,,,,,NFLX,,,,,,,115.33200073242188,115.33200073242188,116.80000305175781,114.3219985961914,116.5,31374000.0,,,,,,
2025-10-06,,,,,,,NFLX,,,,,,,116.33100128173828,116.33100128173828,116.35800170898438,114.54499816894531,116.03700256347656,29686000.0,,,,,,
2025-10-07,,,,,,,NFLX,,,,,,,119.10600280761719,119.10600280761719,120.13700103759766,117.74600219726562,117.77899932861328,33091000.0,,,,,,
2025-10-08,,,,,,,NFLX,,,,,,,121.42500305175781,121.42500305175781,121.73899841308594,119.19999694824219,119.71099853515625,28514000.0,,,,,,
2025-10-09,,,,,,,NFLX,,,,,,,123.10700225830078,123.10700225830078,123.75,121.18199920654297,121.42500305175781,28241000.0,,,,,,
2025-10-10,,,,,,,NFLX,,,,,,,122.00800323486328,122.00800323486328,124.69999694824219,121.91000366210938,122.9000015258789,42798000.0,,,,,,
2025-10-13,,,,,,,NFLX,,,,,,,121.90299987792969,121.90299987792969,123.11199951171875,120.68099975585938,122.13500213623047,24608000.0,,,,,,
2025-10-14,,,,,,,NFLX,,,,,,,121.53500366210938,121.53500366210938,122.42900085449219,120.30999755859375,121.4749984741211,23624000.0,,,,,,
2025-10-15,,,,,,,NFLX,,,,,,,120.3290023803711,120.3290023803711,121.96199798583984,120.16100311279297,121.3010025024414,20252000.0,,,,,,
2025-10-16,,,,,,,NFLX,,,,,,,118.35900115966797,118.35900115966797,121.6709976196289,117.5999984741211,121.21499633789062,28326000.0,,,,,,
2025-10-17,,,,,,,NFLX,,,,,,,119.93599700927734,119.93599700927734,120.31199645996094,117.8949966430664,118.36000061035156,29571000.0,,,,,,
2025-10-20,,,,,,,NFLX,,,,,,,123.85600280761719,123.85600280761719,124.7760009765625,120.69000244140625,120.78800201416016,39862000.0,,,,,,
2025-10-21,,,,,,,NFLX,,,,,,,124.13500213623047,124.13500213623047,124.86000061035156,123.1760025024414,124.28299713134766,65082000.0,,,,,,
2025-10-22,,,,,,,NFLX,,,,,,,111.63700103759766,111.63700103759766,115.76000213623047,111.2509994506836,114.29000091552734,147890000.0,,,,,,
2025-10-23,,,,,,,NFLX,,,,,,,111.35900115966797,111.35900115966797,112.78299713134766,109.9729995727539,112.69000244140625,68497000.0,,,,,,
2025-10-24,,,,,,,NFLX,,,,,,,109.46900177001953,109.46900177001953,111.45099639892578,109.44100189208984,111.0999984741211,60280000.0,,,,,,
2025-10-27,,,,,,,NFLX,,,,,,,109.45600128173828,109.45600128173828,110.22799682617188,108.7300033569336,110.06700134277344,46911000.0,,,,,,
2025-10-28,,,,,,,NFLX,,,,,,,110.25,110.25,111.697998046875,109.3010025024414,109.4000015258789,40209000.0,,,,,,
2025-10-29,,,,,,,NFLX,,,,,,,110.04100036621094,110.04100036621094,110.8550033569336,109.5999984741211,109.98400115966797,33995000.0,,,,,,
2025-10-30,,,,,,,NFLX,,,,,,,108.9000015258789,108.9000015258789,110.61599731445312,108.81099700927734,109.44000244140625,41581000.0,,,,,,
2025-10-31,,,,,,,NFLX,,,,,,,111.88600158691406,111.88600158691406,113.48799896240234,110.197998046875,110.53900146484375,68665000.0,,,,,,
2025-11-03,,,,,,,NFLX,,,,,,,110.00900268554688,110.00900268554688,113.3499984741211,107.51499938964844,113.3239974975586,58634000.0,,,,,,
2025-11-04,,,,,,,NFLX,,,,,,,109.2959976196289,109.2959976196289,110.45999908447266,108.66799926757812,109.9990005493164,38718000.0,,,,,,
2025-11-05,,,,,,,NFLX,,,,,,,109.84600067138672,109.84600067138672,110.08499908447266,107.33699798583984,108.5,35539000.0,,,,,,
2025-11-06,,,,,,,NFLX,,,,,,,109.7020034790039,109.7020034790039,110.37000274658203,108.51300048828125,109.45800018310547,36532000.0,,,,,,
2025-11-07,,,,,,,NFLX,,,,,,,110.36599731445312,110.36599731445312,110.8219985961914,108.75,109.41799926757812,44125000.0,,,,,,
2025-11-10,,,,,,,NFLX,,,,,,,112.00700378417969,112.00700378417969,112.81999969482422,110.40499877929688,110.6719970703125,36929000.0,,,,,,
2025-11-11,,,,,,,NFLX,,,,,,,113.64399719238281,113.64399719238281,113.9219970703125,111.27999877929688,111.76000213623047,27966000.0,,,,,,
2025-11-12,,,,,,,NFLX,,,,,,,115.75,115.75,116.43399810791016,112.82599639892578,113.81700134277344,39221000.0,,,,,,
2025-11-13,,,,,,,NFLX,,,,,,,115.4229965209961,115.4229965209961,116.73300170898438,114.56900024414062,115.8499984741211,40144000.0,,,,,,
2025-11-14,,,,,,,NFLX,,,,,,,111.21700286865234,111.21700286865234,114.27300262451172,110.72100067138672,114.27300262451172,47607000.0,,,,,,
2025-11-17,,,,,,,NFLX,,,,,,,110.29000091552734,110.29000091552734,111.8499984741211,109.55000305175781,110.75,26082700.0,,,,,,
2025-11-18,,,,,,,NFLX,,,,,,,114.08999633789062,114.08999633789062,115.25,109.19999694824219,110.29000091552734,43440600.0,,,,,,
2025-11-19,,,,,,,NFLX,,,,,,,110.0,110.0,113.33999633789062,108.61000061035156,113.0,31868100.0,,,,,,
2025-11-20,,,,,,,NFLX,,,,,,,105.66999816894531,105.66999816894531,111.0999984741211,105.38999938964844,111.0,36918500.0,,,,,,
2025-11-21,,,,,,,NFLX,,,,,,,104.30999755859375,104.30999755859375,106.52999877929688,103.80999755859375,105.12999725341797,41232700.0,,,,,,
2025-11-24,,,,,,,NFLX,,,,,,,106.97000122070312,106.97000122070312,108.04000091552734,103.31999969482422,104.25,62918300.0,,,,,,
2025-11-25,,,,,,,NFLX,,,,,,,104.4000015258789,104.4000015258789,106.30000305175781,103.81999969482422,106.12000274658203,35122600.0,,,,,,
2025-11-26,,,,,,,NFLX,,,,,,,106.13999938964844,106.13999938964844,106.94999694824219,105.22000122070312,105.73999786376953,27951000.0,,,,,,
2025-11-28,,,,,,,NFLX,,,,,,,107.58000183105469,107.58000183105469,107.94000244140625,106.23999786376953,106.44000244140625,15021600.0,,,,,,
2025-12-01,,,,,,,NFLX,,,,,,,109.12999725341797,109.12999725341797,109.33999633789062,106.30999755859375,106.51000213623047,24873400.0,,,,,,
2025-12-02,,,,,,,NFLX,,,,,,,109.3499984741211,109.3499984741211,109.7300033569336,107.5199966430664,109.20999908447266,25763000.0,,,,,,
2025-12-03,,,,,,,NFLX,,,,,,,103.95999908447266,103.95999908447266,106.87000274658203,102.02999877929688,106.58999633789062,53593400.0,,,,,,
2025-12-04,,,,,,,NFLX,,,,,,,103.22000122070312,103.22000122070312,103.80000305175781,101.7699966430664,103.56999969482422,51779100.0,,,,,,
2025-12-05,,,,,,,NFLX,,,,,,,100.23999786376953,100.23999786376953,104.79000091552734,97.73999786376953,98.77999877929688,133363600.0,,,,,,
2025-12-08,,,,,,,NFLX,,,,,,,96.79000091552734,96.79000091552734,99.88999938964844,95.30000305175781,99.87000274658203,100906300.0,,,,,,
2025-12-09,,,,,,,NFLX,,,,,,,96.70999908447266,96.70999908447266,97.23999786376953,95.44999694824219,97.02999877929688,51745600.0,,,,,,
2025-12-10,,,,,,,NFLX,,,,,,,92.70999908447266,92.70999908447266,96.97000122070312,92.3499984741211,96.73999786376953,74129300.0,,,,,,
2025-12-11,,,,,,,NFLX,,,,,,,94.08999633789062,94.08999633789062,94.81999969482422,92.76000213623047,93.9000015258789,43949000.0,,,,,,
2025-12-12,,,,,,,NFLX,,,,,,,95.19000244140625,95.19000244140625,96.91999816894531,94.6500015258789,95.5,49323100.0,,,,,,
2025-12-15,,,,,,,NFLX,,,,,,,93.7699966430664,93.7699966430664,96.37000274658203,93.52999877929688,96.0199966430664,40016500.0,,,,,,
2025-12-16,,,,,,,NFLX,,,,,,,94.56999969482422,94.56999969482422,94.93000030517578,93.31999969482422,93.87999725341797,34265000.0,,,,,,
2025-12-17,,,,,,,NFLX,,,,,,,94.79000091552734,94.79000091552734,97.33000183105469,94.45999908447266,95.9800033569336,50472800.0,,,,,,
2025-12-18,,,,,,,NFLX,,,,,,,94.0,94.0,95.80999755859375,93.58999633789062,95.0199966430664,37244700.0,,,,,,
2025-12-19,,,,,,,NFLX,,,,,,,94.38999938964844,94.38999938964844,95.54000091552734,93.44999694824219,93.56999969482422,78990200.0,,,,,,
2025-12-22,,,,,,,NFLX,,,,,,,93.2300033569336,93.2300033569336,94.70999908447266,92.91000366210938,94.70999908447266,39484800.0,,,,,,
2025-12-23,,,,,,,NFLX,,,,,,,93.5,93.5,93.80999755859375,91.33000183105469,93.4000015258789,25896200.0,,,,,,
2025-12-24,,,,,,,NFLX,,,,,,,93.63999938964844,93.63999938964844,93.68000030517578,92.66999816894531,93.11000061035156,12427900.0,,,,,,
2025-12-26,,,,,,,NFLX,,,,,,,94.47000122070312,94.47000122070312,94.69000244140625,93.2699966430664,93.4800033569336,22068300.0,,,,,,
2025-12-29,,,,,,,NFLX,,,,,,,94.1500015258789,94.1500015258789,94.97000122070312,93.62999725341797,93.98999786376953,24493700.0,,,,,,
2025-12-30,,,,,,,NFLX,,,,,,,93.77999877929688,93.77999877929688,93.98999786376953,93.33999633789062,93.5199966430664,23422000.0,,,,,,
2025-12-31,,,,,,,NFLX,,,,,,,93.76000213623047,93.76000213623047,94.30999755859375,93.19999694824219,93.5999984741211,23495200.0,,,,,,
2026-01-02,,,,,,,NFLX,,,,,,,90.98999786376953,90.98999786376953,94.12999725341797,90.80999755859375,94.12999725341797,41155400.0,,,,,,
2026-01-05,,,,,,,NFLX,,,,,,,91.45999908447266,91.45999908447266,92.62999725341797,90.83999633789062,90.91999816894531,39183300.0,,,,,,
2026-01-06,,,,,,,NFLX,,,,,,,90.6500015258789,90.6500015258789,91.63999938964844,89.73999786376953,91.54000091552734,43331000.0,,,,,,
2026-01-07,,,,,,,NFLX,,,,,,,90.7300033569336,90.7300033569336,92.41999816894531,90.05999755859375,91.55999755859375,36525700.0,,,,,,
2026-01-08,,,,,,,NFLX,,,,,,,90.52999877929688,90.52999877929688,91.25,89.58000183105469,90.44999694824219,40068700.0,,,,,,
2026-01-09,,,,,,,NFLX,,,,,,,89.45999908447266,89.45999908447266,90.05000305175781,88.31999969482422,90.02999877929688,55579500.0,,,,,,
2026-01-12,,,,,,,NFLX,,,,,,,89.41000366210938,89.41000366210938,90.33999633789062,89.33000183105469,89.69000244140625,36290600.0,,,,,,
2026-01-13,,,,,,,NFLX,,,,,,,90.31999969482422,90.31999969482422,91.1500015258789,89.06999969482422,89.44000244140625,45221100.0,,,,,,
2026-01-14,,,,,,,NFLX,,,,,,,88.55000305175781,88.55000305175781,91.58000183105469,87.94999694824219,91.23999786376953,49737700.0,,,,,,
2026-01-15,,,,,,,NFLX,,,,,,,88.05000305175781,88.05000305175781,89.88999938964844,87.81999969482422,89.0199966430664,36945100.0,,,,,,
2026-01-16,,,,,,,NFLX,,,,,,,88.0,88.0,88.51000213623047,87.77999877929688,88.33999633789062,48130500.0,,,,,,
2026-01-20,,,,,,,NFLX,,,,,,,87.26000213623047,87.26000213623047,89.9000015258789,87.0199966430664,88.97000122070312,109729700.0,,,,,,
2026-01-21,,,,,,,NFLX,,,,,,,85.36000061035156,85.36000061035156,86.0,81.93000030517578,82.5199966430664,127940700.0,,,,,,
2026-01-22,,,,,,,NFLX,,,,,,,83.54000091552734,83.54000091552734,85.0999984741211,82.9800033569336,85.0199966430664,69113300.0,,,,,,
2026-01-23,,,,,,,NFLX,,,,,,,86.12000274658203,86.12000274658203,86.30000305175781,83.27999877929688,83.43000030517578,64520400.0,,,,,,
2026-01-26,,,,,,,NFLX,,,,,,,85.69999694824219,85.69999694824219,86.94000244140625,85.3499984741211,86.91999816894531,40941900.0,,,,,,
2026-01-27,,,,,,,NFLX,,,,,,,85.58000183105469,85.58000183105469,85.5999984741211,83.87999725341797,85.27999877929688,37790800.0,,,,,,
2026-01-28,,,,,,,NFLX,,,,,,,84.63999938964844,84.63999938964844,86.47000122070312,84.30000305175781,85.62999725341797,37762600.0,,,,,,
2026-01-29,,,,,,,NFLX,,,,,,,83.16000366210938,83.16000366210938,84.37999725341797,82.3499984741211,84.30999755859375,42278100.0,,,,,,
2026-01-30,,,,,,,NFLX,,,,,,,83.48999786376953,83.48999786376953,84.05999755859375,82.77999877929688,83.0999984741211,45755000.0,,,,,,
2026-02-02,,,,,,,NFLX,,,,,,,82.76000213623047,82.76000213623047,85.2699966430664,82.72000122070312,83.52999877929688,41445300.0,,,,,,
2026-02-03,,,,,,,NFLX,,,,,,,79.94000244140625,79.94000244140625,82.44999694824219,79.62000274658203,82.2300033569336,49789000.0,,,,,,
2026-02-04,,,,,,,NFLX,,,,,,,80.16000366210938,80.16000366210938,81.44000244140625,79.2300033569336,79.98999786376953,48963200.0,,,,,,
2026-02-05,,,,,,,NFLX,,,,,,,80.87000274658203,80.87000274658203,83.30000305175781,80.54000091552734,81.48999786376953,54805700.0,,,,,,
2026-02-06,,,,,,,NFLX,,,,,,,82.19999694824219,82.19999694824219,82.48999786376953,80.6500015258789,81.0199966430664,46154100.0,,,,,,
2026-02-09,,,,,,,NFLX,,,,,,,81.47000122070312,81.47000122070312,82.20999908447266,79.87000274658203,82.18000030517578,42200200.0,,,,,,
2026-02-10,,,,,,,NFLX,,,,,,,82.20999908447266,82.20999908447266,84.66000366210938,82.08999633789062,82.72000122070312,43595800.0,,,,,,
2026-02-11,,,,,,,NFLX,,,,,,,79.62000274658203,79.62000274658203,82.4800033569336,79.44999694824219,81.95999908447266,40840300.0,,,,,,
2026-02-12,,,,,,,NFLX,,,,,,,75.86000061035156,75.86000061035156,79.1500015258789,75.2300033569336,79.11000061035156,73516100.0,,,,,,
2026-02-13,,,,,,,NFLX,,,,,,,76.87000274658203,76.87000274658203,77.18000030517578,75.52999877929688,76.13999938964844,42292100.0,,,,,,
2026-02-17,,,,,,,NFLX,,,,,,,77.0,77.0,77.87000274658203,75.30000305175781,76.91999816894531,35961500.0,,,,,,
2026-02-18,,,,,,,NFLX,,,,,,,77.98999786376953,77.98999786376953,78.31999969482422,76.27999877929688,77.31999969482422,29883100.0,,,,,,
2026-02-19,,,,,,,NFLX,,,,,,,77.0,77.0,78.69999694824219,76.58999633789062,77.75,30139200.0,,,,,,
2026-02-20,,,,,,,NFLX,,,,,,,78.66999816894531,78.66999816894531,78.8499984741211,76.4000015258789,76.61000061035156,32411300.0,,,,,,
2026-02-23,,,,,,,NFLX,,,,,,,76.0199966430664,76.0199966430664,77.83000183105469,75.01000213623047,77.79000091552734,38363000.0,,,,,,
2026-02-24,,,,,,,NFLX,,,,,,,78.04000091552734,78.04000091552734,78.12000274658203,75.20999908447266,75.7300033569336,33079100.0,,,,,,
2026-02-25,,,,,,,NFLX,,,,,,,82.69999694824219,82.69999694824219,83.12000274658203,79.25,79.43000030517578,69319300.0,,,,,,
2026-02-26,,,,,,,NFLX,,,,,,,84.58999633789062,84.58999633789062,86.5,82.80000305175781,83.19999694824219,85642500.0,,,,,,
2026-02-27,,,,,,,NFLX,,,,,,,96.23999786376953,96.23999786376953,96.75,90.58000183105469,94.30000305175781,200767000.0,,,,,,
2026-03-02,,,,,,,NFLX,,,,,,,97.08999633789062,97.08999633789062,98.06999969482422,95.19999694824219,95.26000213623047,79915400.0,,,,,,
2026-03-03,,,,,,,NFLX,,,,,,,97.69999694824219,97.69999694824219,98.45999908447266,95.33000183105469,96.01000213623047,59149000.0,,,,,,
2026-03-04,,,,,,,NFLX,,,,,,,98.66000366210938,98.66000366210938,99.75,96.98999786376953,97.11000061035156,52604300.0,,,,,,
2026-03-05,,,,,,,NFLX,,,,,,,99.16999816894531,99.16999816894531,100.19000244140625,98.0999984741211,98.5,53403000.0,,,,,,
2026-03-06,,,,,,,NFLX,,,,,,,99.0199966430664,99.0199966430664,99.87999725341797,97.4000015258789,99.33000183105469,41196300.0,,,,,,
2026-03-09,,,,,,,NFLX,,,,,,,98.31999969482422,98.31999969482422,98.94000244140625,96.58000183105469,97.69999694824219,48589000.0,,,,,,
2026-03-10,,,,,,,NFLX,,,,,,,96.94000244140625,96.94000244140625,98.48999786376953,96.29000091552734,97.80999755859375,41027200.0,,,,,,
2026-03-11,,,,,,,NFLX,,,,,,,94.88999938964844,94.88999938964844,98.0,94.69000244140625,97.41000366210938,33962900.0,,,,,,
2026-03-12,,,,,,,NFLX,,,,,,,94.30999755859375,94.30999755859375,95.4000015258789,93.87000274658203,94.86000061035156,34206900.0,,,,,,
2026-03-13,,,,,,,NFLX,,,,,,,95.30999755859375,95.30999755859375,95.67970275878906,94.23999786376953,94.55000305175781,29808277.0,,,,,,
2025-08-14,,,,,,,^VIX,,,,,,,,,,,,,14.829999923706055,14.829999923706055,15.390000343322754,14.569999694824219,14.65999984741211,0.0
2025-08-15,,,,,,,^VIX,,,,,,,,,,,,,15.09000015258789,15.09000015258789,15.180000305175781,14.399999618530273,14.430000305175781,0.0
2025-08-18,,,,,,,^VIX,,,,,,,,,,,,,14.989999771118164,14.989999771118164,15.949999809265137,14.949999809265137,15.729999542236328,0.0
2025-08-19,,,,,,,^VIX,,,,,,,,,,,,,15.569999694824219,15.569999694824219,15.90999984741211,14.760000228881836,15.229999542236328,0.0
2025-08-20,,,,,,,^VIX,,,,,,,,,,,,,15.6899995803833,15.6899995803833,17.190000534057617,15.569999694824219,15.949999809265137,0.0
2025-08-21,,,,,,,^VIX,,,,,,,,,,,,,16.600000381469727,16.600000381469727,17.239999771118164,15.649999618530273,15.720000267028809,0.0
2025-08-22,,,,,,,^VIX,,,,,,,,,,,,,14.220000267028809,14.220000267028809,16.829999923706055,14.210000038146973,16.809999465942383,0.0
2025-08-25,,,,,,,^VIX,,,,,,,,,,,,,14.789999961853027,14.789999961853027,15.1899995803833,14.239999771118164,15.050000190734863,0.0
2025-08-26,,,,,,,^VIX,,,,,,,,,,,,,14.619999885559082,14.619999885559082,15.75,14.619999885559082,15.75,0.0
2025-08-27,,,,,,,^VIX,,,,,,,,,,,,,14.850000381469727,14.850000381469727,15.229999542236328,14.65999984741211,14.65999984741211,0.0
2025-08-28,,,,,,,^VIX,,,,,,,,,,,,,14.430000305175781,14.430000305175781,14.6899995803833,14.119999885559082,14.420000076293945,0.0
2025-08-29,,,,,,,^VIX,,,,,,,,,,,,,15.359999656677246,15.359999656677246,15.970000267028809,14.3100004196167,14.3100004196167,0.0
2025-09-02,,,,,,,^VIX,,,,,,,,,,,,,17.170000076293945,17.170000076293945,19.3799991607666,16.549999237060547,16.649999618530273,0.0
2025-09-03,,,,,,,^VIX,,,,,,,,,,,,,16.350000381469727,16.350000381469727,17.56999969482422,16.34000015258789,17.399999618530273,0.0
2025-09-04,,,,,,,^VIX,,,,,,,,,,,,,15.300000190734863,15.300000190734863,16.350000381469727,15.279999732971191,16.219999313354492,0.0
2025-09-05,,,,,,,^VIX,,,,,,,,,,,,,15.180000305175781,15.180000305175781,16.920000076293945,14.739999771118164,15.229999542236328,0.0
2025-09-08,,,,,,,^VIX,,,,,,,,,,,,,15.109999656677246,15.109999656677246,15.649999618530273,14.989999771118164,15.579999923706055,0.0
2025-09-09,,,,,,,^VIX,,,,,,,,,,,,,15.039999961853027,15.039999961853027,15.819999694824219,14.970000267028809,15.020000457763672,0.0
2025-09-10,,,,,,,^VIX,,,,,,,,,,,,,15.350000381469727,15.350000381469727,15.630000114440918,14.630000114440918,14.979999542236328,0.0
2025-09-11,,,,,,,^VIX,,,,,,,,,,,,,14.710000038146973,14.710000038146973,15.239999771118164,14.649999618530273,15.1899995803833,0.0
2025-09-12,,,,,,,^VIX,,,,,,,,,,,,,14.760000228881836,14.760000228881836,14.970000267028809,14.40999984741211,14.619999885559082,0.0
2025-09-15,,,,,,,^VIX,,,,,,,,,,,,,15.6899995803833,15.6899995803833,15.84000015258789,14.920000076293945,15.140000343322754,0.0
2025-09-16,,,,,,,^VIX,,,,,,,,,,,,,16.360000610351562,16.360000610351562,16.3799991607666,15.4399995803833,15.600000381469727,0.0
2025-09-17,,,,,,,^VIX,,,,,,,,,,,,,15.720000267028809,15.720000267028809,16.75,15.260000228881836,16.420000076293945,0.0
2025-09-18,,,,,,,^VIX,,,,,,,,,,,,,15.699999809265137,15.699999809265137,15.800000190734863,14.329999923706055,14.930000305175781,0.0
2025-09-19,,,,,,,^VIX,,,,,,,,,,,,,15.449999809265137,15.449999809265137,16.1299991607666,15.289999961853027,15.760000228881836,0.0
2025-09-22,,,,,,,^VIX,,,,,,,,,,,,,16.100000381469727,16.100000381469727,16.350000381469727,15.779999732971191,16.139999389648438,0.0
2025-09-23,,,,,,,^VIX,,,,,,,,,,,,,16.639999389648438,16.639999389648438,17.06999969482422,15.949999809265137,16.100000381469727,0.0
2025-09-24,,,,,,,^VIX,,,,,,,,,,,,,16.18000030517578,16.18000030517578,17.209999084472656,16.18000030517578,16.56999969482422,0.0
2025-09-25,,,,,,,^VIX,,,,,,,,,,,,,16.739999771118164,16.739999771118164,17.739999771118164,16.31999969482422,16.549999237060547,0.0
2025-09-26,,,,,,,^VIX,,,,,,,,,,,,,15.289999961853027,15.289999961853027,17.049999237060547,15.289999961853027,16.889999389648438,0.0
2025-09-29,,,,,,,^VIX,,,,,,,,,,,,,16.1200008392334,16.1200008392334,16.290000915527344,15.739999771118164,15.84000015258789,0.0
2025-09-30,,,,,,,^VIX,,,,,,,,,,,,,16.280000686645508,16.280000686645508,16.700000762939453,16.020000457763672,16.489999771118164,0.0
2025-10-01,,,,,,,^VIX,,,,,,,,,,,,,16.290000915527344,16.290000915527344,17.280000686645508,15.979999542236328,17.280000686645508,0.0
2025-10-02,,,,,,,^VIX,,,,,,,,,,,,,16.6299991607666,16.6299991607666,16.920000076293945,15.930000305175781,16.1200008392334,0.0
2025-10-03,,,,,,,^VIX,,,,,,,,,,,,,16.649999618530273,16.649999618530273,17.059999465942383,16.200000762939453,16.350000381469727,0.0
2025-10-06,,,,,,,^VIX,,,,,,,,,,,,,16.3700008392334,16.3700008392334,17.09000015258789,16.290000915527344,16.739999771118164,0.0
2025-10-07,,,,,,,^VIX,,,,,,,,,,,,,17.239999771118164,17.239999771118164,17.549999237060547,16.190000534057617,16.579999923706055,0.0
2025-10-08,,,,,,,^VIX,,,,,,,,,,,,,16.299999237060547,16.299999237060547,17.200000762939453,16.229999542236328,17.170000076293945,0.0
2025-10-09,,,,,,,^VIX,,,,,,,,,,,,,16.43000030517578,16.43000030517578,17.270000457763672,16.260000228881836,16.309999465942383,0.0
2025-10-10,,,,,,,^VIX,,,,,,,,,,,,,21.65999984741211,21.65999984741211,22.440000534057617,16.229999542236328,16.360000610351562,0.0
2025-10-13,,,,,,,^VIX,,,,,,,,,,,,,19.030000686645508,19.030000686645508,20.770000457763672,18.610000610351562,19.450000762939453,0.0
2025-10-14,,,,,,,^VIX,,,,,,,,,,,,,20.809999465942383,20.809999465942383,22.940000534057617,19.18000030517578,21.459999084472656,0.0
2025-10-15,,,,,,,^VIX,,,,,,,,,,,,,20.639999389648438,20.639999389648438,22.440000534057617,19.110000610351562,20.020000457763672,0.0
2025-10-16,,,,,,,^VIX,,,,,,,,,,,,,25.309999465942383,25.309999465942383,25.43000030517578,19.850000381469727,20.489999771118164,0.0
2025-10-17,,,,,,,^VIX,,,,,,,,,,,,,20.780000686645508,20.780000686645508,28.989999771118164,20.729999542236328,28.40999984741211,0.0
2025-10-20,,,,,,,^VIX,,,,,,,,,,,,,18.229999542236328,18.229999542236328,21.020000457763672,18.229999542236328,20.530000686645508,0.0
2025-10-21,,,,,,,^VIX,,,,,,,,,,,,,17.8700008392334,17.8700008392334,18.889999389648438,17.399999618530273,18.649999618530273,0.0
2025-10-22,,,,,,,^VIX,,,,,,,,,,,,,18.600000381469727,18.600000381469727,21.010000228881836,17.729999542236328,17.84000015258789,0.0
2025-10-23,,,,,,,^VIX,,,,,,,,,,,,,17.299999237060547,17.299999237060547,19.350000381469727,17.079999923706055,18.360000610351562,0.0
2025-10-24,,,,,,,^VIX,,,,,,,,,,,,,16.3700008392334,16.3700008392334,17.219999313354492,16.020000457763672,17.020000457763672,0.0
2025-10-27,,,,,,,^VIX,,,,,,,,,,,,,15.789999961853027,15.789999961853027,16.06999969482422,15.619999885559082,15.729999542236328,0.0
2025-10-28,,,,,,,^VIX,,,,,,,,,,,,,16.420000076293945,16.420000076293945,16.549999237060547,15.65999984741211,15.949999809265137,0.0
2025-10-29,,,,,,,^VIX,,,,,,,,,,,,,16.920000076293945,16.920000076293945,17.579999923706055,16.260000228881836,16.34000015258789,0.0
2025-10-30,,,,,,,^VIX,,,,,,,,,,,,,16.90999984741211,16.90999984741211,17.40999984741211,15.729999542236328,16.260000228881836,0.0
2025-10-31,,,,,,,^VIX,,,,,,,,,,,,,17.440000534057617,17.440000534057617,18.540000915527344,15.960000038146973,16.43000030517578,0.0
2025-11-03,,,,,,,^VIX,,,,,,,,,,,,,17.170000076293945,17.170000076293945,18.829999923706055,17.0,18.059999465942383,0.0
2025-11-04,,,,,,,^VIX,,,,,,,,,,,,,19.0,19.0,20.479999542236328,17.899999618530273,19.729999542236328,0.0
2025-11-05,,,,,,,^VIX,,,,,,,,,,,,,18.010000228881836,18.010000228881836,20.020000457763672,17.309999465942383,19.3700008392334,0.0
2025-11-06,,,,,,,^VIX,,,,,,,,,,,,,19.5,19.5,20.309999465942383,17.639999389648438,18.360000610351562,0.0
2025-11-07,,,,,,,^VIX,,,,,,,,,,,,,19.079999923706055,19.079999923706055,22.719999313354492,19.079999923706055,19.520000457763672,0.0
2025-11-10,,,,,,,^VIX,,,,,,,,,,,,,17.600000381469727,17.600000381469727,18.81999969482422,17.600000381469727,18.579999923706055,0.0
2025-11-11,,,,,,,^VIX,,,,,,,,,,,,,17.280000686645508,17.280000686645508,18.010000228881836,17.25,17.899999618530273,0.0
2025-11-12,,,,,,,^VIX,,,,,,,,,,,,,17.510000228881836,17.510000228881836,18.059999465942383,17.100000381469727,17.209999084472656,0.0
2025-11-13,,,,,,,^VIX,,,,,,,,,,,,,20.0,20.0,21.309999465942383,17.510000228881836,17.610000610351562,0.0
2025-11-14,,,,,,,^VIX,,,,,,,,,,,,,19.829999923706055,19.829999923706055,23.030000686645508,19.559999465942383,21.329999923706055,0.0
2025-11-17,,,,,,,^VIX,,,,,,,,,,,,,22.3799991607666,22.3799991607666,23.440000534057617,19.540000915527344,19.579999923706055,0.0
2025-11-18,,,,,,,^VIX,,,,,,,,,,,,,24.690000534057617,24.690000534057617,25.84000015258789,22.90999984741211,23.540000915527344,0.0
2025-11-19,,,,,,,^VIX,,,,,,,,,,,,,23.65999984741211,23.65999984741211,24.790000915527344,21.93000030517578,24.520000457763672,0.0
2025-11-20,,,,,,,^VIX,,,,,,,,,,,,,26.420000076293945,26.420000076293945,28.270000457763672,19.280000686645508,20.780000686645508,0.0
2025-11-21,,,,,,,^VIX,,,,,,,,,,,,,23.43000030517578,23.43000030517578,27.84000015258789,22.540000915527344,25.969999313354492,0.0
2025-11-24,,,,,,,^VIX,,,,,,,,,,,,,20.520000457763672,20.520000457763672,23.68000030517578,20.40999984741211,22.690000534057617,0.0
2025-11-25,,,,,,,^VIX,,,,,,,,,,,,,18.559999465942383,18.559999465942383,21.770000457763672,18.389999389648438,20.549999237060547,0.0
2025-11-26,,,,,,,^VIX,,,,,,,,,,,,,17.190000534057617,17.190000534057617,18.700000762939453,16.93000030517578,18.25,0.0
2025-11-28,,,,,,,^VIX,,,,,,,,,,,,,16.350000381469727,16.350000381469727,18.520000457763672,15.779999732971191,17.40999984741211,0.0
2025-12-01,,,,,,,^VIX,,,,,,,,,,,,,17.239999771118164,17.239999771118164,18.329999923706055,16.579999923706055,18.049999237060547,0.0
2025-12-02,,,,,,,^VIX,,,,,,,,,,,,,16.59000015258789,16.59000015258789,17.309999465942383,16.389999389648438,17.280000686645508,0.0
2025-12-03,,,,,,,^VIX,,,,,,,,,,,,,16.079999923706055,16.079999923706055,17.280000686645508,15.930000305175781,16.43000030517578,0.0
2025-12-04,,,,,,,^VIX,,,,,,,,,,,,,15.779999732971191,15.779999732971191,16.6299991607666,15.680000305175781,16.229999542236328,0.0
2025-12-05,,,,,,,^VIX,,,,,,,,,,,,,15.40999984741211,15.40999984741211,16.18000030517578,15.279999732971191,15.579999923706055,0.0
2025-12-08,,,,,,,^VIX,,,,,,,,,,,,,16.65999984741211,16.65999984741211,17.09000015258789,16.100000381469727,16.149999618530273,0.0
2025-12-09,,,,,,,^VIX,,,,,,,,,,,,,16.93000030517578,16.93000030517578,17.200000762939453,16.450000762939453,16.65999984741211,0.0
2025-12-10,,,,,,,^VIX,,,,,,,,,,,,,15.770000457763672,15.770000457763672,17.65999984741211,15.5600004196167,16.940000534057617,0.0
2025-12-11,,,,,,,^VIX,,,,,,,,,,,,,14.850000381469727,14.850000381469727,16.8799991607666,14.850000381469727,16.84000015258789,0.0
2025-12-12,,,,,,,^VIX,,,,,,,,,,,,,15.739999771118164,15.739999771118164,17.850000381469727,14.850000381469727,14.989999771118164,0.0
2025-12-15,,,,,,,^VIX,,,,,,,,,,,,,16.5,16.5,17.350000381469727,15.989999771118164,16.510000228881836,0.0
2025-12-16,,,,,,,^VIX,,,,,,,,,,,,,16.479999542236328,16.479999542236328,17.610000610351562,16.190000534057617,17.280000686645508,0.0
2025-12-17,,,,,,,^VIX,,,,,,,,,,,,,17.6200008392334,17.6200008392334,18.0,15.819999694824219,16.450000762939453,0.0
2025-12-18,,,,,,,^VIX,,,,,,,,,,,,,16.8700008392334,16.8700008392334,17.68000030517578,15.930000305175781,17.610000610351562,0.0
2025-12-19,,,,,,,^VIX,,,,,,,,,,,,,14.90999984741211,14.90999984741211,16.530000686645508,14.90999984741211,16.309999465942383,0.0
2025-12-22,,,,,,,^VIX,,,,,,,,,,,,,14.079999923706055,14.079999923706055,15.260000228881836,14.029999732971191,15.15999984741211,0.0
2025-12-23,,,,,,,^VIX,,,,,,,,,,,,,14.0,14.0,14.449999809265137,13.640000343322754,14.09000015258789,0.0
2025-12-24,,,,,,,^VIX,,,,,,,,,,,,,13.470000267028809,13.470000267028809,14.15999984741211,13.380000114440918,14.09000015258789,0.0
2025-12-26,,,,,,,^VIX,,,,,,,,,,,,,13.600000381469727,13.600000381469727,14.289999961853027,13.520000457763672,14.119999885559082,0.0
2025-12-29,,,,,,,^VIX,,,,,,,,,,,,,14.199999809265137,14.199999809265137,15.079999923706055,13.989999771118164,14.6899995803833,0.0
2025-12-30,,,,,,,^VIX,,,,,,,,,,,,,14.329999923706055,14.329999923706055,14.619999885559082,14.039999961853027,14.430000305175781,0.0
2025-12-31,,,,,,,^VIX,,,,,,,,,,,,,14.949999809265137,14.949999809265137,15.170000076293945,14.380000114440918,14.770000457763672,0.0
2026-01-02,,,,,,,^VIX,,,,,,,,,,,,,14.510000228881836,14.510000228881836,15.420000076293945,14.460000038146973,14.850000381469727,0.0
2026-01-05,,,,,,,^VIX,,,,,,,,,,,,,14.899999618530273,14.899999618530273,15.270000457763672,14.649999618530273,15.140000343322754,0.0
2026-01-06,,,,,,,^VIX,,,,,,,,,,,,,14.75,14.75,15.210000038146973,14.630000114440918,15.0,0.0
2026-01-07,,,,,,,^VIX,,,,,,,,,,,,,15.380000114440918,15.380000114440918,15.479999542236328,14.829999923706055,14.949999809265137,0.0
2026-01-08,,,,,,,^VIX,,,,,,,,,,,,,15.449999809265137,15.449999809265137,15.850000381469727,15.149999618530273,15.6899995803833,0.0
2026-01-09,,,,,,,^VIX,,,,,,,,,,,,,14.489999771118164,14.489999771118164,15.8100004196167,14.430000305175781,15.680000305175781,0.0
2026-01-12,,,,,,,^VIX,,,,,,,,,,,,,15.119999885559082,15.119999885559082,16.65999984741211,15.029999732971191,16.059999465942383,0.0
2026-01-13,,,,,,,^VIX,,,,,,,,,,,,,15.979999542236328,15.979999542236328,16.5,14.75,15.359999656677246,0.0
2026-01-14,,,,,,,^VIX,,,,,,,,,,,,,16.75,16.75,18.100000381469727,16.219999313354492,16.329999923706055,0.0
2026-01-15,,,,,,,^VIX,,,,,,,,,,,,,15.84000015258789,15.84000015258789,16.540000915527344,15.300000190734863,16.520000457763672,0.0
2026-01-16,,,,,,,^VIX,,,,,,,,,,,,,15.859999656677246,15.859999656677246,16.290000915527344,15.300000190734863,15.4399995803833,0.0
2026-01-20,,,,,,,^VIX,,,,,,,,,,,,,20.09000015258789,20.09000015258789,20.989999771118164,18.639999389648438,19.940000534057617,0.0
2026-01-21,,,,,,,^VIX,,,,,,,,,,,,,16.899999618530273,16.899999618530273,20.809999465942383,16.670000076293945,19.309999465942383,0.0
2026-01-22,,,,,,,^VIX,,,,,,,,,,,,,15.640000343322754,15.640000343322754,16.670000076293945,15.270000457763672,16.649999618530273,0.0
2026-01-23,,,,,,,^VIX,,,,,,,,,,,,,16.09000015258789,16.09000015258789,16.209999084472656,15.300000190734863,15.680000305175781,0.0
2026-01-26,,,,,,,^VIX,,,,,,,,,,,,,16.149999618530273,16.149999618530273,17.389999389648438,15.800000190734863,16.899999618530273,0.0
2026-01-27,,,,,,,^VIX,,,,,,,,,,,,,16.350000381469727,16.350000381469727,16.3700008392334,15.739999771118164,16.020000457763672,0.0
2026-01-28,,,,,,,^VIX,,,,,,,,,,,,,16.350000381469727,16.350000381469727,17.18000030517578,16.049999237060547,16.09000015258789,0.0
2026-01-29,,,,,,,^VIX,,,,,,,,,,,,,16.8799991607666,16.8799991607666,19.739999771118164,16.020000457763672,16.040000915527344,0.0
2026-01-30,,,,,,,^VIX,,,,,,,,,,,,,17.440000534057617,17.440000534057617,19.270000457763672,16.670000076293945,18.719999313354492,0.0
2026-02-02,,,,,,,^VIX,,,,,,,,,,,,,16.34000015258789,16.34000015258789,19.959999084472656,16.079999923706055,19.950000762939453,0.0
2026-02-03,,,,,,,^VIX,,,,,,,,,,,,,18.0,18.0,20.3700008392334,16.049999237060547,16.15999984741211,0.0
2026-02-04,,,,,,,^VIX,,,,,,,,,,,,,18.639999389648438,18.639999389648438,21.239999771118164,17.469999313354492,17.6299991607666,0.0
2026-02-05,,,,,,,^VIX,,,,,,,,,,,,,21.770000457763672,21.770000457763672,23.100000381469727,19.059999465942383,19.239999771118164,0.0
2026-02-06,,,,,,,^VIX,,,,,,,,,,,,,20.3700008392334,20.3700008392334,21.489999771118164,19.989999771118164,21.239999771118164,0.0
2026-02-09,,,,,,,^VIX,,,,,,,,,,,,,17.360000610351562,17.360000610351562,19.200000762939453,16.899999618530273,17.950000762939453,0.0
2026-02-10,,,,,,,^VIX,,,,,,,,,,,,,17.790000915527344,17.790000915527344,17.969999313354492,17.139999389648438,17.469999313354492,0.0
2026-02-11,,,,,,,^VIX,,,,,,,,,,,,,17.649999618530273,17.649999618530273,18.959999084472656,16.75,17.8700008392334,0.0
2026-02-12,,,,,,,^VIX,,,,,,,,,,,,,20.81999969482422,20.81999969482422,21.209999084472656,17.079999923706055,17.440000534057617,0.0
2026-02-13,,,,,,,^VIX,,,,,,,,,,,,,20.600000381469727,20.600000381469727,22.399999618530273,18.920000076293945,21.479999542236328,0.0
2026-02-17,,,,,,,^VIX,,,,,,,,,,,,,20.290000915527344,20.290000915527344,22.959999084472656,19.760000228881836,21.739999771118164,0.0
2026-02-18,,,,,,,^VIX,,,,,,,,,,,,,19.6200008392334,19.6200008392334,20.34000015258789,18.479999542236328,19.780000686645508,0.0
2026-02-19,,,,,,,^VIX,,,,,,,,,,,,,20.229999542236328,20.229999542236328,21.110000610351562,19.229999542236328,19.34000015258789,0.0
2026-02-20,,,,,,,^VIX,,,,,,,,,,,,,19.09000015258789,19.09000015258789,21.209999084472656,18.760000228881836,20.040000915527344,0.0
2026-02-23,,,,,,,^VIX,,,,,,,,,,,,,21.010000228881836,21.010000228881836,22.040000915527344,19.5,20.489999771118164,0.0
2026-02-24,,,,,,,^VIX,,,,,,,,,,,,,19.549999237060547,19.549999237060547,22.079999923706055,19.229999542236328,21.239999771118164,0.0
2026-02-25,,,,,,,^VIX,,,,,,,,,,,,,17.93000030517578,17.93000030517578,19.6200008392334,17.860000610351562,19.59000015258789,0.0
2026-02-26,,,,,,,^VIX,,,,,,,,,,,,,18.6299991607666,18.6299991607666,20.540000915527344,17.5,18.06999969482422,0.0
2026-02-27,,,,,,,^VIX,,,,,,,,,,,,,19.860000610351562,19.860000610351562,21.739999771118164,18.770000457763672,19.280000686645508,0.0
2026-03-02,,,,,,,^VIX,,,,,,,,,,,,,21.440000534057617,21.440000534057617,25.239999771118164,20.3700008392334,24.65999984741211,0.0
2026-03-03,,,,,,,^VIX,,,,,,,,,,,,,23.56999969482422,23.56999969482422,28.149999618530273,22.18000030517578,24.56999969482422,0.0
2026-03-04,,,,,,,^VIX,,,,,,,,,,,,,21.149999618530273,21.149999618530273,24.8700008392334,20.399999618530273,24.389999389648438,0.0
2026-03-05,,,,,,,^VIX,,,,,,,,,,,,,23.75,23.75,25.84000015258789,20.549999237060547,22.110000610351562,0.0
2026-03-06,,,,,,,^VIX,,,,,,,,,,,,,29.489999771118164,29.489999771118164,29.93000030517578,22.920000076293945,23.200000762939453,0.0
2026-03-09,,,,,,,^VIX,,,,,,,,,,,,,25.5,25.5,35.29999923706055,24.760000228881836,35.119998931884766,0.0
2026-03-10,,,,,,,^VIX,,,,,,,,,,,,,24.93000030517578,24.93000030517578,26.010000228881836,22.190000534057617,24.389999389648438,0.0
2026-03-11,,,,,,,^VIX,,,,,,,,,,,,,24.229999542236328,24.229999542236328,26.229999542236328,23.75,24.899999618530273,0.0
2026-03-12,,,,,,,^VIX,,,,,,,,,,,,,27.290000915527344,27.290000915527344,27.329999923706055,24.600000381469727,25.479999542236328,0.0
2026-03-13,,,,,,,^VIX,,,,,,,,,,,,,27.190000534057617,27.190000534057617,28.469999313354492,24.670000076293945,27.850000381469727,0.0
