Date,Imp Vol,1D IV Chg,IV Rank,IV Pctl,P/C Vol,Options Vol,P/C OI,Total OI,Last,Call Volume,Put Volume,Call OI,Put OI,WBD,PSKY,NFLX,VIX,WBD_Log_Ret,Realized_Vol,VRP,Arb_Spread,Implied_Deal_Prob,NFLX_Ret,PSKY_Ret,PSKY_NFLX_Beta,NFLX_Log_Ret,PSKY_Log_Ret,Pair_Spread,Spread_ZScore
2025-08-14,40.9,-0.73%,13.19%,10%,0.40817060021565,23508,0.61470430670328,1048899,11.78,16694,6814,649592,399307,11.779999732971191,14.380000114440918,123.05599975585938,14.829999923706056,,,,19.22000026702881,0.0,,,1.0,,,,
2025-08-15,41.89,+0.99%,15.21%,16%,0.61248382525109,26169,0.62005083457799,1051042,11.85,16229,9940,648771,402271,11.850000381469728,13.720000267028809,123.8949966430664,15.09000015258789,0.005924744217217957,,,19.149999618530273,0.36420732323620425,0.006818008783574747,-0.045897068300389865,1.0,0.006794871269998873,-0.046983718490759656,0.05377858976075853,
2025-08-18,41.82,-0.06%,15.09%,16%,0.76220034246575,16466,0.58123991779186,958652,11.82,9344,7122,606266,352386,11.81999969482422,13.5,124.50900268554688,14.989999771118164,-0.002534913613320014,,,19.18000030517578,0.2081163438985355,0.004955858259953594,-0.016035004573396572,1.0,0.0049436184170346936,-0.016164956316096404,0.021108574733131096,
2025-08-19,41.79,-0.03%,15.02%,16%,0.63924211597152,12891,0.58677901491343,967383,11.56,7864,5027,609652,357731,11.5600004196167,13.479999542236328,121.41500091552734,15.56999969482422,-0.02224208661610471,,,19.4399995803833,0.0,-0.02484962294520643,-0.0014815153899015998,1.0,-0.02516358700024584,-0.001482613918952713,-0.023680973081293126,
2025-08-20,42.69,+0.90%,16.86%,23%,0.87498663816141,35081,0.58828120407803,972746,11.54,18710,16371,612452,360294,11.539999961853027,13.979999542236328,121.38600158691406,15.6899995803833,-0.0017316417689299127,,,19.460000038146973,0.0,-0.00023884469295076816,0.03709198939016067,1.0,-0.00023887322088703142,0.036420632536050136,-0.03665950575693717,
2025-08-21,41.85,-0.84%,15.14%,16%,0.30164412622647,9817,0.5700977475835,981757,11.585,7542,2275,625284,356473,11.59000015258789,16.030000686645508,120.62100219726562,16.600000381469727,0.004323412742814991,,,19.40999984741211,0.0,-0.006302204369922237,0.14663814102537875,1.0,-0.0063221470927787874,0.13683430539500818,-0.14315645248778697,
2025-08-22,40.68,-1.17%,12.75%,10%,0.29104966879931,57107,0.57003744122367,983338,12.05,44233,12874,626315,357023,12.050000190734863,16.0,120.46499633789062,14.220000267028809,0.03892200524814485,,,18.949999809265137,1.4047890427288263,-0.0012933556887536612,-0.0018715337093216933,1.0,-0.001294192795084481,-0.0018732872167079367,0.0005790944216234556,
2025-08-25,40.99,+0.31%,13.38%,11%,0.47115289460663,14866,0.57073045431629,984515,12.04,10105,4761,626788,357727,12.039999961853027,15.960000038146973,121.80699920654295,14.789999961853027,-0.0008302390529614839,,,18.960000038146973,1.3527587162829369,0.011140189345028917,-0.002499997615814209,1.0,0.011078594465947436,-0.0025031278279573394,0.013581722293904775,
2025-08-26,40.28,-0.71%,11.92%,8%,0.65492505353319,15457,0.57088697325283,992788,11.8,9340,6117,631992,360796,11.800000190734863,15.84000015258789,122.60900115966795,14.619999885559082,-0.020134889076731378,,,19.199999809265137,0.10406065289177917,0.006584202536383588,-0.007518789804026538,1.0,0.006562621352990151,-0.007547198392470282,0.014109819745460432,
2025-08-27,40.03,-0.24%,11.43%,8%,0.11981031646182,23142,0.5752054993587,997250,12.15,20666,2476,633092,364158,12.149999618530272,14.8100004196167,122.3499984741211,14.850000381469728,0.029229590754281186,,,18.850000381469727,1.9250774215326167,-0.002112427987318588,-0.06502523504098034,1.0,-0.0021146623104383844,-0.06723573940631115,0.06512107709587277,
2025-08-28,40.09,+0.06%,11.54%,8%,0.049424797613975,22167,0.57336130953784,1001059,12.055,21123,1044,636255,364804,12.0600004196167,14.6899995803833,123.1449966430664,14.43000030517578,-0.007434912296744958,,,18.9399995803833,1.456819369174716,0.006497737465141595,-0.008102689792935491,1.0,0.006476718171825952,-0.00813569499204254,0.014612413163868493,
2025-08-29,40.25,+0.16%,11.87%,9%,0.17514286626441,36809,0.56579271647899,1010179,11.64,31323,5486,645155,365024,11.640000343322754,14.699999809265137,120.8249969482422,15.359999656677246,-0.03544675429475337,,,19.359999656677246,0.0,-0.018839577393052198,0.0006807507942472313,1.0,-0.019019303115602116,0.0006805191885298538,-0.01969982230413197,
2025-09-02,41.96,+1.72%,15.37%,20%,0.26132632961261,34578,0.5681272074691,986087,0.0,27414,7164,628831,357256,11.619999885559082,14.460000038146973,121.41100311279295,17.170000076293945,-0.001719730223224147,,,19.380000114440918,0.0,0.004850040797450106,-0.016326515253891172,1.0,0.004838317240785889,-0.01646126144080795,0.02129957868159384,
2025-09-03,41.65,-0.32%,14.72%,17%,0.17506551853238,15693,0.56163278527179,1002790,0.0,13355,2338,642142,360648,11.920000076293944,15.0600004196167,122.61799621582033,16.350000381469727,0.025489926462553273,,,19.079999923706055,0.7284096845873487,0.009941381522941883,0.0414938022051774,1.0,0.00989229107279547,0.04065603086602002,-0.030763739793224554,
2025-09-04,41.96,+0.31%,15.36%,20%,0.30423158476998,14147,0.55776537419091,1006952,0.0,10847,3300,646408,360544,11.770000457763672,14.739999771118164,125.7480010986328,15.300000190734863,-0.012663707873107227,,,19.229999542236328,0.0,0.02552647229125604,-0.021248382442387692,1.0,0.025206112230526056,-0.021477379001491336,0.04668349123201739,
2025-09-05,40.65,-1.31%,12.70%,11%,0.057432251857395,39567,0.55448572723154,1015502,0.0,37418,2149,653272,362230,12.109999656677246,15.0,124.38200378417967,15.18000030517578,0.028477569050054156,,,18.890000343322754,1.7169610776340998,-0.010862974381451007,0.017639093142408635,1.0,-0.010922407291680833,0.01748532986895962,-0.028407737160640455,
2025-09-08,39.79,-0.86%,10.93%,6%,0.36076081947296,32480,0.54208473151185,1017907,0.0,23869,8611,660085,357822,12.350000381469728,15.1899995803833,124.47599792480467,15.109999656677246,0.01962456474757367,,,18.649999618530273,2.965664102910299,0.0007556892296742834,0.012666638692220067,1.0,0.0007554038403364093,0.012587087880935228,-0.011831684040598818,
2025-09-09,40.59,+0.80%,12.57%,11%,0.30874702407195,29685,0.53969568552682,1033667,0.0,22682,7003,671345,362322,12.260000228881836,15.199999809265137,126.3249969482422,15.039999961853027,-0.007314144785166115,,,18.739999771118164,2.4974010886673472,0.014854261498305155,0.0006583429333830715,1.0,0.014745017453742518,0.0006581263207391588,0.014086891133003359,
2025-09-10,40.2,-0.40%,11.76%,9%,0.24542708508139,14843,0.53418363478352,1052137,0.0,11918,2925,685796,366341,12.539999961853027,15.109999656677246,124.77100372314452,15.350000381469728,0.022581582985694605,,,18.460000038146973,3.9542154959570315,-0.012301549674561874,-0.005921062744555505,1.0,-0.012377840042215165,-0.005938661740795241,-0.006439178301419924,
2025-09-11,52.3,+12.10%,36.49%,69%,0.29022363237254,538400,0.53422549951457,1054039,16.17,417292,121108,687017,367022,16.170000076293945,17.459999084472656,120.3499984741211,14.710000038146973,0.25423414614450446,,,14.829999923706055,22.84079231181716,-0.03543295410873848,0.15552610729259175,1.0,-0.0360759354273662,0.1445557444126644,-0.1806316798400306,
2025-09-12,77.71,+25.40%,88.39%,98%,0.43482161537289,809248,0.50162800713437,1331905,18.87,564006,245242,886974,444931,18.8700008392334,18.790000915527344,118.84400177001952,14.760000228881836,0.15441572554768002,105.92548223185571,-28.215482231855717,12.129999160766602,36.888662891565296,-0.012513475057711831,0.0761742211222376,1.0,-0.012592427928025162,0.07341236417379925,-0.0860047921018244,-1.1581528811215227
2025-09-15,69.86,-7.84%,72.37%,96%,0.43224539737643,251667,0.63370674877928,1460096,19.46,175715,75952,893732,566364,19.459999084472656,18.57999992370605,120.22599792480467,15.6899995803833,0.03078762585629603,105.7440209503986,-35.88402095039861,11.540000915527344,39.95837276171227,0.011628657182543467,-0.011176209770578316,-0.1303207907828481,0.01156156398354513,-0.01123913287010089,0.01009687130020008,0.46143450657530827
2025-09-16,69.71,-0.16%,72.05%,96%,0.63388114902255,293780,0.65094889855983,1508718,18.25,179805,113975,913849,594869,18.25,17.530000686645508,120.0510025024414,16.360000610351562,-0.06419594968273135,110.03630481787997,-40.32630481787997,12.75,33.662852118310596,-0.0014555539183190858,-0.05651233807169498,-0.13468038120987846,-0.0014566142659773473,-0.05817199117657153,-0.009291240213375688,0.16226166471987166
2025-09-17,69.0,-0.71%,70.60%,95%,0.39807738108126,129146,0.6492080558059,1612152,17.99,92374,36772,977531,634621,17.989999771118164,17.920000076293945,122.8499984741211,15.720000267028809,-0.014349044788784552,109.6530721540963,-40.65307215409629,13.010000228881836,32.310093402027654,0.023315057045215193,0.02224753989573669,-0.1218000226302434,0.02304741320657587,0.02200367370137863,0.02572746116135228,0.7066786148655239
2025-09-18,79.55,+10.55%,92.16%,99%,0.79751345151963,147326,0.62395547743677,1683389,18.7,81961,65365,1036598,646791,18.700000762939453,17.8799991607666,120.77799987792967,15.699999809265137,0.03870752941972539,109.42606007169732,-29.876060071697324,12.299999237060547,36.004167189525305,-0.016866085648571616,-0.00223219393733487,-0.12624464272854663,-0.01700993784752099,-0.0022346889958830126,-0.017292055361415655,-0.03219915431127075
2025-09-19,72.49,-7.06%,77.73%,96%,0.31891075186245,264497,0.62783665068274,1746252,19.33,200542,63955,1072744,673508,19.32999992370605,18.920000076293945,122.6969985961914,15.449999809265137,0.03313472461387896,109.21190822509278,-36.72190822509279,11.670000076293949,39.28199836545582,0.01588864462237538,0.05816560203254251,-0.12155731104079802,0.015763741399948957,0.05653684484780576,0.02263620823437902,0.5756358121881407
2025-09-22,67.64,-4.85%,67.82%,93%,0.22901306757513,169197,0.56204777428575,1493049,19.61,137669,31528,955828,537221,19.61000061035156,18.61000061035156,122.73699951171876,16.100000381469727,0.014381382059439937,109.161546286174,-41.521546286174,11.389999389648441,40.73881773463053,0.00032601380624641685,-0.016384749719467684,-0.1291776072013481,0.0003259606752927878,-0.016520464205055704,-0.0018081133605718296,0.10464678899480845
2025-09-23,59.38,-8.26%,50.95%,79%,0.33520838853768,176361,0.5572228226091,1540369,19.56,132085,44276,989177,551192,19.559999465942383,19.729999542236328,121.84700012207033,16.639999389648438,-0.0025530340296484994,109.2159503284843,-49.835950328484294,11.440000534057617,40.4786661024011,-0.007251272177005275,0.06018263810597535,-0.12778702604125752,-0.007277690439242993,0.05844119338199512,0.0001903358613441833,0.15692541867999663
2025-09-24,59.72,+0.34%,51.64%,80%,0.46359230317104,151896,0.55325816861906,1632100,19.82,103783,48113,1050759,581341,19.81999969482422,19.1200008392334,120.3949966430664,16.18000030517578,0.013204876201364684,108.05338833204911,-48.33338833204911,11.180000305175781,41.831424818684035,-0.011916612452906206,-0.030917319673378407,-0.12689095979694964,-0.011988184444468985,-0.03140534531690677,-0.015973238854485924,-0.12870718780107662
2025-09-25,62.71,+2.99%,57.75%,86%,0.74692264954627,141492,0.54025587029867,1700558,19.78,80995,60497,1104075,596483,19.780000686645508,18.93000030517578,120.8239974975586,16.739999771118164,-0.0020201525957802033,108.49527458800765,-45.785274588007645,11.219999313354492,41.62331343667054,0.003563278096713862,-0.009937265989431565,-0.10994769399827511,0.0035569446620502313,-0.009986970173705671,0.00245890032142174,0.3105626079559226
2025-09-26,64.0,+1.30%,60.40%,87%,0.92961559285328,103356,0.55837350085261,1761054,19.51,53563,49793,1130059,630995,19.51000022888184,18.920000076293945,121.06099700927734,15.289999961853027,-0.013744194542162486,108.763343098351,-44.763343098351,11.48999977111816,40.218524393941735,0.0019615268210566583,-0.0005282741004024594,-0.12926104470841646,0.0019596055393419514,-0.0005284136863269546,0.0018913022342091038,0.3138937274507129
2025-09-29,64.09,+0.09%,60.58%,88%,0.6255515591976,87679,0.55681957372383,1639591,18.865,53938,33741,1053167,586424,18.86000061035156,19.5,120.64099884033205,16.1200008392334,-0.03388385679899815,108.65130362994428,-44.56130362994428,12.139999389648441,36.83663256511939,-0.003469310342067544,0.030655386964441478,-0.12725780339262766,-0.003475342354515369,0.03019489791351929,0.0003671940276237318,0.26080364894660873
2025-09-30,62.51,-1.58%,57.34%,84%,0.23620738376635,74369,0.55317127518371,1675673,19.53,60159,14210,1078872,596801,19.530000686645508,18.920000076293945,119.89199829101562,16.280000686645508,0.0349084704795515,108.27277443850303,-45.76277443850304,11.469999313354492,40.322585046833495,-0.0062085075265972955,-0.029743585831079722,-0.13440573839934122,-0.006227860452890767,-0.030194897913519363,-0.010286228002850065,0.07271687700500304
2025-10-01,65.07,+2.56%,62.57%,90%,0.27492318600804,26971,0.5606854461849,1669871,19.35,21155,5816,1069960,599911,19.350000381469727,18.88999938964844,117.08999633789062,16.290000915527344,-0.009259340857098773,108.99304665709136,-43.92304665709136,11.649999618530273,39.386059018347616,-0.023371050554380268,-0.0015856599642984914,-0.12116163375509804,-0.023648484699905204,-0.0015869184535930142,-0.02384075833237865,-0.2213357276770162
2025-10-02,62.08,-2.99%,56.47%,83%,0.75611403864343,90979,0.56032307952203,1671791,19.24,51807,39172,1071439,600352,19.239999771118164,18.6200008392334,116.25299835205078,16.6299991607666,-0.0057010058485733334,108.70815697911223,-46.628156979112234,11.760000228881836,38.81373535121289,-0.007148330446817064,-0.014293200589672872,-0.12243355425085159,-0.007174002174054821,-0.014396332282057661,-0.008936596303523415,0.16021334328994366
2025-10-03,69.22,+7.14%,71.06%,95%,0.89857870655807,117017,0.57211295851503,1685423,18.99,61634,55383,1072075,613348,18.989999771118164,19.09000015258789,115.33200073242188,16.649999618530273,-0.013078920569976555,109.50800883773655,-40.288008837736555,12.010000228881836,37.513006961375844,-0.007922355833264949,0.02524163760316145,-0.09771316510818803,-0.007953904430856654,0.02492832881020475,-0.005518078521953917,0.2107912344276817
2025-10-06,70.48,+1.26%,73.64%,96%,1.3016542233934,78613,0.56556224003953,1597041,19.08,34155,44458,1020107,576934,19.07999992370605,19.1299991607666,116.33100128173828,16.3700008392334,0.0047281492500672855,109.6872940882249,-39.2072940882249,11.920000076293949,37.981269975618765,0.008661954557037,0.0020952859014664593,-0.09783804283306448,0.008624655064905477,0.002093093851409024,0.008829439270793257,0.5026767323809715
2025-10-07,70.03,-0.46%,72.70%,95%,0.42978301575063,38943,0.5752367708706,1633478,18.6,27237,11706,1036973,596505,18.600000381469727,18.51000022888184,119.1060028076172,17.239999771118164,-0.02547906079322544,110.51207779880406,-40.482077798804056,12.399999618530273,35.483873848836474,0.02385435950265946,-0.03240977308333126,-0.1006812439166316,0.02357428945390619,-0.03294660063143156,0.02025718471950918,0.7440223143231717
2025-10-08,74.3,+4.28%,81.44%,96%,0.56522062930553,126102,0.57414970144521,1648204,17.89,80565,45537,1047044,601160,17.889999389648438,18.5,121.4250030517578,16.299999237060547,-0.0389197378245656,112.52158501691231,-38.221585016912314,13.110000610351562,31.789800061338823,0.019470053477374183,-0.0005402608729434544,-0.1192036691357226,0.019282936866158947,-0.0005404068664342864,0.01921851838485384,0.6845447739553606
2025-10-09,73.38,-0.92%,79.56%,96%,0.58049845148389,129623,0.56201751310873,1675370,17.67,82014,47609,1072568,602802,17.670000076293945,17.969999313354492,123.10700225830078,16.43000030517578,-0.012373572754399258,69.9559003914856,3.424099608514396,13.329999923706055,30.645162650839445,0.013852165240020753,-0.028648685764622095,-0.12940714986476146,0.013757100891169572,-0.02906706949946933,0.009995614272322307,0.5367878162659184
2025-10-10,74.58,+1.19%,82.00%,97%,0.93954612457578,113157,0.54083235973165,1713176,17.1,58342,54815,1111851,601325,17.100000381469727,17.0,122.00800323486328,21.65999984741211,-0.03278980483253056,43.148426458002795,31.431573541997203,13.899999618530273,27.679503509814186,-0.008927185320714792,-0.05397881749687283,-0.03674107286751749,-0.008967271388423636,-0.055490318528593784,-0.011006045224924457,-0.843404304258203
2025-10-13,77.29,+2.71%,87.54%,97%,0.49752189949285,77955,0.52417810111863,1616115,17.78,52056,25899,1060319,555796,17.780000686645508,17.100000381469727,121.90299987792967,19.030000686645508,0.038995782887955244,44.136528298518286,33.15347170148172,13.219999313354492,31.217486317974164,-0.0008606267961903669,0.005882375380572125,0.04097091744048078,-0.000860997348051356,0.005865141760568948,-0.0011012975869003426,-0.10241102368560222
2025-10-14,77.32,+0.03%,87.60%,97%,0.28459363676184,32260,0.52374459496831,1663987,17.98,25113,7147,1092038,571949,17.979999542236328,17.290000915527344,121.53500366210938,20.809999465942383,0.011185734879130074,38.34869999732559,38.971300002674404,13.020000457763672,32.25806307558177,-0.00301876259147682,0.011111142094681448,0.04373923470237418,-0.003023328246001927,0.011049866829676047,-0.003506640964695107,-0.2989986256501162
2025-10-15,77.23,-0.09%,87.41%,96%,0.17687637538433,75406,0.52290147284312,1679506,18.45,64073,11333,1102833,576673,18.450000762939453,17.43000030517578,120.3290023803711,20.63999938964844,0.025804408254396963,39.10083675398116,38.12916324601884,12.549999237060547,34.70343879968825,-0.009923077676380343,0.008097130262307406,0.04094118997364818,-0.009972639555149472,0.008064524394119066,-0.01030281078041622,-0.7213908531694284
2025-10-16,82.9,+5.68%,99.02%,99%,0.39844521823629,86347,0.51749114035524,1709387,18.29,61745,24602,1126456,582931,18.290000915527344,16.899999618530273,118.35900115966795,25.309999465942383,-0.008709899379324449,36.62222258590788,46.27777741409213,12.709999084472656,33.870973424094146,-0.016371790522086926,-0.030407382522427473,0.003197439857232047,-0.01650728922428079,-0.030879277683725694,-0.01640855459105231,-1.2135934741182115
2025-10-17,73.12,-9.78%,79.03%,94%,0.40102260224225,194822,0.50539835849802,1741913,18.19,139057,55765,1157111,584802,18.190000534057617,16.770000457763672,119.93599700927734,20.780000686645508,-0.005482490568955302,34.326549029535855,38.79345097046415,12.809999465942383,33.350680083405315,0.013323835400418815,-0.007692258207157687,0.028853429871219794,0.013235853745981161,-0.007721996225155729,0.013458659822529516,1.2751338685167182
2025-10-20,63.6,-9.53%,59.57%,82%,0.7651699791452,70252,0.54593055228657,1385885,18.32,39799,30453,896473,489412,18.31999969482422,16.989999771118164,123.8560028076172,18.229999542236328,0.0071213206979300735,33.932344392213885,29.667655607786116,12.680000305175781,34.02705447966176,0.032684147345993564,0.013118622978489203,-0.04766536352606515,0.0321613808908422,0.013033319080580136,0.03278261878276926,2.317381282054812
2025-10-21,46.4,-17.20%,24.43%,42%,0.48715081238399,324474,0.55630791702425,1436273,20.33,218185,106289,922872,513401,20.32999992370605,16.510000228881836,124.13500213623048,17.8700008392334,0.10410428129956115,51.07622498331654,-4.676224983316544,10.670000076293949,44.484911924804,0.0022526104693256777,-0.028251886327408604,-0.0012051674900199678,0.0022500771460428246,-0.028658650417017723,0.002215538672252388,0.14084995645596218
2025-10-22,43.69,-2.70%,18.91%,32%,0.58683794152283,219639,0.54779455786756,1564082,20.53,138413,81226,1010523,553559,20.530000686645508,16.56999969482422,111.63700103759766,18.600000381469727,0.00978964058932058,50.9905538409749,-7.300553840974899,10.469999313354492,45.525498606181685,-0.10068071763447539,0.0036341287165715386,0.053001628391878476,-0.10611715476420716,0.0036275412258427162,-0.1063094203562355,-3.6985984793203053
2025-10-23,43.8,+0.11%,19.12%,33%,0.54918507910529,181738,0.57564600574227,1679292,21.25,117312,64426,1065780,613512,21.25,16.469999313354492,111.35900115966795,17.299999237060547,0.03446963089362665,52.26106187410608,-8.461061874106086,9.75,49.27159279635516,-0.002490212701397043,-0.006035026150360334,-0.10183424183549615,-0.0024933184380808112,-0.0060533105222362014,-0.003109752725707566,0.05285872218704335
2025-10-24,40.09,-3.71%,11.53%,8%,0.36674130846299,118409,0.5935186482346,1763077,21.15,86636,31773,1106405,656672,21.149999618530277,16.719999313354492,109.46900177001952,16.3700008392334,-0.004717007914532492,51.961446567010505,-11.871446567010501,9.850000381469723,48.75129945566635,-0.01697212950876359,0.015179114172596986,-0.0993088261404079,-0.017117806753439414,0.015065064090372181,-0.015621712922894541,-0.36882476037167716
2025-10-27,43.2,+3.11%,17.90%,30%,0.42150860575257,61530,0.61246469316548,1678945,21.04,43285,18245,1041229,637716,21.040000915527344,16.56999969482422,109.45600128173828,15.789999961853027,-0.00521445607272806,50.15157398808601,-6.951573988086004,9.959999084472656,48.17898571230167,-0.00011875953987916521,-0.008971269419279615,-0.12838658091900484,-0.00011876659235169248,-0.009011753568135886,-0.001275754821049301,0.15396957714848883
2025-10-28,39.12,-4.08%,9.57%,5%,0.23250854958761,30634,0.6150171185185,1704783,20.99,24855,5779,1055582,649201,20.989999771118164,16.209999084472656,110.25,16.420000076293945,-0.0023793084549512053,48.98143656279548,-9.861436562795483,10.010000228881836,47.91883408007222,0.007254044629475986,-0.02172604809787726,-0.1580585479704283,0.007227860598235325,-0.021965533752690506,0.003756020227889631,0.31034144783786927
2025-10-29,56.96,+17.84%,46.01%,72%,0.2666084022189,104347,0.60872713393243,1719636,21.34,82383,21964,1068942,650694,21.34000015258789,15.880000114440918,110.04100036621094,16.920000076293945,0.016537130095716206,48.93875726370438,8.02124273629562,9.65999984741211,49.7398558105981,-0.0018956882883361947,-0.020357741435521715,-0.1914293637533514,-0.001897487379416268,-0.020567816242816683,-0.005834771356574512,-0.07016528302295225
2025-10-30,53.17,-3.79%,38.27%,67%,0.25198389656641,64685,0.59661380282249,1769658,21.62,51666,13019,1108382,661276,21.6200008392334,15.460000038146973,108.9000015258789,16.90999984741211,0.013035598004587274,48.8525773334791,4.317422666520905,9.379999160766602,51.196675179772825,-0.010368851941865653,-0.026448367334204637,-0.17403309478595974,-0.010422982996880532,-0.026804417398857992,-0.015087838710738414,-0.3967510635880784
2025-10-31,50.18,-2.99%,32.17%,60%,0.39168933212451,184204,0.6006590304259,1770116,22.45,132360,51844,1105867,664249,22.450000762939453,15.390000343322754,111.88600158691406,17.440000534057617,0.03767179714368533,49.56337792882361,0.616622071176387,8.549999237060547,55.51509303708101,0.02741965123228729,-0.0045277939619338126,-0.15397832059126645,0.027050466016529426,-0.004538075467779778,0.02635170077728427,1.027652268087115
2025-11-03,62.48,+12.30%,57.30%,80%,0.60756152252278,56636,0.60172222247832,1737300,22.29,35231,21405,1084645,652655,22.290000915527344,15.420000076293944,110.00900268554688,17.170000076293945,-0.007152459700969633,49.85766733710389,12.622332662896106,8.709999084472656,54.682627661486904,-0.01677599408992303,0.001949300344506133,-0.12759511156898115,-0.01691830492781363,0.001947402923951155,-0.01666982583446232,-0.45187788828283443
2025-11-04,49.5,-12.98%,30.77%,58%,0.6275379377023,77435,0.60063744236716,1758726,22.6,47578,29857,1098766,659960,22.600000381469727,14.84000015258789,109.2959976196289,19.0,0.013811734686198366,48.30854722259032,1.1914527774096797,8.399999618530273,56.29552808622923,-0.0064813337864360054,-0.03761348384152863,-0.17528902234989285,-0.00650242882900469,-0.03833912506147274,-0.013222856578780522,-0.2756044826860834
2025-11-05,45.74,-3.77%,23.08%,42%,0.69452013774517,113177,0.60816723211135,1813572,22.76,66790,46387,1127726,685846,22.76000022888184,15.09000015258789,109.84600067138672,18.010000228881836,0.007054696157018562,44.79532710629659,0.9446728937034123,8.23999977111816,57.127993461823344,0.0050322341507136326,0.016846361012766042,-0.07173703997503311,0.005019614778490941,0.0167060348701751,0.00621805626979699,0.456899705143332
2025-11-06,43.84,-1.89%,19.21%,35%,0.58227756461305,87424,0.63058280408171,1858566,22.42,55252,32172,1139817,718749,22.420000076293945,14.800000190734863,109.7020034790039,19.5,-0.015051198267494726,44.99848605780643,-1.158486057806428,8.579999923706055,55.359002057743346,-0.0013109006381906152,-0.019218022459946305,-0.06301473259908236,-0.0013117606200815858,-0.019405089234052326,-0.002534567129226725,0.1601980731852825
2025-11-07,47.26,+3.42%,26.19%,50%,0.93599390975903,66120,0.62945520008016,1886316,22.67,34153,31967,1157636,728680,22.670000076293945,15.100000381469728,110.36599731445312,19.07999992370605,0.011089046837896787,41.80005185803134,5.45994814196866,8.329999923706055,56.659730447580394,0.006052704730924008,0.02027028289652799,-0.02138436339142283,0.00603446069381144,0.020067575426214106,0.00646359301911039,0.45867858773611914
2025-11-10,40.98,-6.28%,13.36%,15%,0.46255526687634,32087,0.62640313643586,1806633,22.98,21939,10148,1110815,695818,22.979999542236328,15.25,112.00700378417967,17.600000381469727,0.013581784615667173,40.752663872029075,0.22733612797092206,8.020000457763672,58.27263087232271,0.014868768548804256,0.009933749320585994,-0.004697813083626209,0.01475931206466686,0.009884733969646486,0.014805748697237631,0.7265037117938749
2025-11-11,57.89,+16.91%,47.91%,76%,0.92777361171409,48844,0.62601321804766,1816434,23.05,25337,23507,1117109,699325,23.049999237060547,16.739999771118164,113.6439971923828,17.280000686645508,0.003041483842812293,40.89845794844098,16.991542051559023,7.950000762939453,58.63683323367387,0.014615098635772483,0.09770490302414192,0.038033887600175495,0.014509327407528673,0.0932215483351585,0.010963749516234928,0.555876832549626
2025-11-12,110.42,+52.53%,100.00%,100%,1.1524398501332,95366,0.63744179433406,1842646,22.19,44306,51060,1125320,717326,22.190000534057617,15.56999969482422,115.75,17.510000228881836,-0.038023975331338555,44.26516595279868,66.15483404720132,8.809999465942383,54.16233432079808,0.018531579842726353,-0.06989247863148518,0.12744178452246496,0.018361962431557605,-0.07245508514291506,0.027595767779897837,1.054041726339744
2025-11-13,49.1,-61.32%,19.29%,56%,1.0100682379537,96029,0.6526693808202,1883149,22.14,47774,48255,1139459,743690,22.13999938964844,15.369999885559082,115.4229965209961,20.0,-0.0022558612993235864,43.976606238830904,5.123393761169098,8.860000610351559,53.902182688568644,-0.002825084051869653,-0.012845203158971308,0.036614052834532534,-0.0028290821335396296,-0.01292841614089267,-0.002355720421890162,-0.017061930882661554
2025-11-14,52.92,+3.83%,24.32%,67%,0.33513040193671,155524,0.6690139253097,1919593,23.03,116486,39038,1150136,769457,23.030000686645508,15.68000030517578,111.21700286865234,19.82999992370605,0.03941184393518718,44.82027720675058,8.09972279324942,7.969999313354492,58.53278250455216,-0.03643982377098187,0.02016918815386326,0.018716164939762955,-0.037120337209794796,0.019968484280231315,-0.03749407065518067,-1.1303604563820528
2025-11-17,53.89,+0.97%,25.60%,69%,0.42828158832455,83773,0.65225113709812,1927460,22.74,58653,25120,1166566,760894,22.739999771118164,15.729999542236328,110.29000091552734,22.3799991607666,-0.012672265390630839,45.63735574927353,8.252644250726469,8.260000228881836,57.023932808931555,-0.008335074037373547,0.0031887267912900086,-0.01860439798802161,-0.008370005003862462,0.0031836535838692813,-0.008310775045532166,-0.06581924284061076
2025-11-18,54.77,+0.88%,26.76%,70%,0.39418668213612,249947,0.65395115311197,1965974,23.69,179278,70669,1188653,777321,23.690000534057617,16.09000015258789,114.08999633789062,24.690000534057617,0.040927562457056865,31.971030556560375,22.798969443439628,7.309999465942383,61.96670465982036,0.03445457784766681,0.022886244172158454,-0.049919576280763836,0.03387430989070521,0.022628282518818904,0.035003904166006065,1.3556971237888225
2025-11-19,56.51,+1.74%,29.05%,73%,0.25737537555056,215533,0.64023537860049,2055707,23.09,171415,44118,1253300,802407,23.09000015258789,15.470000267028809,110.0,23.65999984741211,-0.025653410739481464,34.063058396948385,22.446941603051613,7.909999847412109,58.844954539457426,-0.035848860278491324,-0.03853324298815264,0.00749545386984507,-0.03650721271743568,-0.039295288641642646,-0.03621267669412,-1.8375015526133909
2025-11-20,53.41,-3.10%,24.97%,67%,0.31974073062309,159426,0.62484754129485,2139518,22.88,120801,38625,1316750,822768,22.8799991607666,15.68000030517578,105.66999816894533,26.420000076293945,-0.009136500142986087,32.69756062789262,20.712439372107376,8.120000839233398,57.75233753163388,-0.039363653009587884,0.01357466286503839,0.08998527092891234,-0.04015935266752341,0.013483352538954373,-0.04137265579877125,-1.8161937621882238
2025-11-21,57.15,+3.74%,29.89%,74%,0.34035335240918,169103,0.62571804139195,2202687,23.17,126163,42940,1354901,847786,23.170000076293945,15.890000343322754,104.30999755859376,23.43000030517578,0.012595211905259751,32.68428456491714,24.465715435082856,7.829999923706055,59.26118722725449,-0.01287026245781886,0.013392859315038086,0.0608305674718345,-0.012953801842307513,0.013303967769836526,-0.013763089751373666,-0.5068583822490544
2025-11-24,53.94,-3.21%,25.67%,68%,0.30611292021837,109097,0.60654973290758,1722684,22.86,83528,25569,1072288,650396,22.86000061035156,15.0600004196167,106.97000122070312,20.520000457763672,-0.013469656670867386,33.13993479332896,20.800065206671036,8.139999389648441,57.648286802512146,0.02550094645161094,-0.05223410357286962,0.06512766033615512,0.025181221447094147,-0.05364775192009744,0.028675174011944568,1.3709919595095774
2025-11-25,52.0,-1.95%,23.10%,62%,0.42959257945914,76599,0.61021079532848,1763556,22.96,53581,23018,1095233,668323,22.959999084472656,15.640000343322754,104.4000015258789,18.559999465942383,0.004364846510273111,33.05009420289553,18.94990579710447,8.040000915527344,58.168570219430926,-0.02402542456292711,0.0385126100627835,0.0034559224673279326,-0.02431874266544283,0.03778950683400569,-0.02444934027113971,-0.9442764892934118
2025-11-26,61.71,+9.72%,35.90%,79%,0.75877548016778,119500,0.61396204134798,1790473,23.88,67945,51555,1109365,681108,23.8799991607666,15.789999961853027,106.13999938964844,17.190000534057617,0.03928772180414309,35.07500654036424,26.63499345963576,7.120000839233398,62.95525109098207,0.01666664596109424,0.009590768237694558,-0.026286249034521432,0.01652928158507354,0.009545068782908702,0.016780185640152715,0.8112305094954194
2025-11-28,47.29,-14.43%,16.91%,46%,0.89252252252252,84028,0.61690893827597,1829775,24.0,44400,39628,1131650,698125,24.0,16.020000457763672,107.58000183105467,16.350000381469727,0.005012576967322072,34.965565474554495,12.324434525445504,7.0,63.57960508456267,0.013567010078074926,0.014566212569113501,-0.0189958403399126,0.013475802216186463,0.014461144363067838,0.013750503805639728,0.6164093707083365
2025-12-02,45.18,+45.18%,14.14%,35%,0.33864947078523,139502,0.6282113291703,1807720,24.53,104211,35291,1110249,697471,24.530000686645508,15.81999969482422,109.3499984741211,16.59000015258789,0.021843055914523103,33.43515028671119,11.744849713288808,6.469999313354492,66.33715284357444,0.01645284079699172,-0.01248444177431507,-0.022296725823826677,0.016318959303197635,-0.012563027165720868,0.01603884493096627,0.7548300458363001
2025-12-03,40.24,-4.94%,7.63%,10%,0.81453559877921,79669,0.61674156864278,1861686,24.57,43906,35763,1151505,710181,24.56999969482422,14.670000076293944,103.95999908447266,16.079999923706055,0.0016292878499521261,33.17596289074655,7.064037109253455,6.430000305175781,66.54526422558793,-0.049291261681398524,-0.0726927712208818,-0.024685465093089377,-0.05054753220193953,-0.07547034569343508,-0.052410552786118204,-1.972771918974127
2025-12-04,34.84,-5.40%,0.52%,1%,0.18111560540984,254919,0.62129720024304,1899862,24.54,215829,39090,1171816,728046,24.540000915527344,14.81999969482422,103.22000122070312,15.779999732971191,-0.0012216975221036055,33.06751642887652,1.7724835711234803,6.459999084472656,66.38918317002033,-0.007118101868856752,0.010224922818689697,0.09658038604152228,-0.007143556419947035,0.010173001920214645,-0.008126068872602513,-0.22298299426894197
2025-12-05,41.89,+7.05%,9.80%,20%,0.4264177942277,564211,0.57574244342557,2051062,26.08,395544,168667,1301648,749414,26.07999992370605,13.369999885559082,100.23999786376952,15.40999984741211,0.0608642575427533,38.732558832423784,3.1574411675762164,4.920000076293949,74.40166489105609,-0.028870406139230864,-0.09784074488014605,0.09404298666819279,-0.029295355270153152,-0.10296421672146115,-0.019612292809715867,-0.6249572448077754
2025-12-08,26.46,-15.42%,0.00%,0%,0.39855819729965,438055,0.61969795153387,1994590,27.23,313219,124836,1231458,763132,27.229999542236328,14.56999969482422,96.79000091552734,16.65999984741211,0.043150555741592135,39.86911745235671,-13.40911745235671,3.770000457763672,80.38501349955251,-0.03441736853317645,0.08975316526077592,0.13271071047899427,-0.03502359665675317,0.08595121670730235,-0.046430243692513265,-1.4973429972739096
2025-12-09,50.87,+24.40%,29.07%,58%,0.24482189853211,375086,0.63289014976678,2175671,28.26,301317,73769,1332405,843266,28.26000022888184,14.640000343322754,96.70999908447266,16.93000030517578,0.03712809548086346,41.042010592752206,9.827989407247792,2.7399997711181605,85.7440180382384,-0.0008265505764847303,0.004804437197304834,0.05100371892004256,-0.0008268923577584577,0.004792932722549098,-0.0010713497511420263,0.19841553478323498
2025-12-10,30.38,-20.49%,4.66%,1%,0.30703719123684,496018,0.62414542962577,2284687,29.53,379498,116520,1406701,877986,29.530000686645508,14.720000267028809,92.70999908447266,15.770000457763672,0.043959333652776864,42.67739282176773,-12.297392821767733,1.4699993133544922,92.35172064031538,-0.04136076970186031,0.005464475534834312,0.0465459823867663,-0.04224046851842553,0.005449599457100964,-0.04249412547877068,-1.2073927391794623
2025-12-11,29.05,-1.33%,3.08%,1%,1.1836239795179,226016,0.63005565284336,2405271,29.49,103505,122511,1475576,929695,29.489999771118164,14.119999885559082,94.08999633789062,14.850000381469728,-0.0013555039424557659,42.8354238367205,-13.7854238367205,1.510000228881836,92.14359933453183,0.014885096182134516,-0.040760894740855536,0.03692622919514912,0.014775400353610975,-0.04161490748105897,0.016312081965191485,0.9119354470445785
2025-12-12,29.45,+0.40%,3.55%,1%,0.37195635002404,319589,0.69085691734503,2527848,29.98,232944,86645,1495010,1032838,29.979999542236328,13.739999771118164,95.19000244140624,15.739999771118164,0.016479262339635523,38.48794435279748,-9.037944352797478,1.0200004577636719,94.69302578776004,0.011690999535862723,-0.026912189626117078,-0.045020943581102375,0.011623187813602805,-0.02728095382407859,0.010394973530650303,0.7553926175228197
2025-12-15,34.13,+4.69%,9.13%,2%,0.40513171322515,125297,0.68292053629695,2563401,29.71,89171,36126,1523186,1040215,29.709999084472656,13.989999771118164,93.7699966430664,16.5,-0.00904681874642829,38.96533346269659,-4.835333462696589,1.2900009155273438,93.2882367450312,-0.01491759388507119,0.018195051249237038,-0.008971675362207682,-0.01502998027905242,0.018031502180864648,-0.014868207495192763,-0.16379841297410083
2025-12-16,32.88,-1.25%,7.64%,2%,0.325411433521,146898,0.68838366283281,2608416,28.9,110832,36066,1544919,1063497,28.899999618530277,13.850000381469728,94.56999969482422,16.479999542236328,-0.02764207674031289,40.563049206308975,-7.683049206308972,2.100000381469723,89.07387954061481,0.008531546127734213,-0.010007104498847785,-0.010729571609290103,0.00849535816855895,-0.010057512140713338,0.008387445371833861,0.6303461254809449
2025-12-17,29.6,-3.28%,3.73%,2%,0.88100934723237,244503,0.69598012365592,2642393,28.21,129985,114518,1558033,1084360,28.209999084472656,13.100000381469728,94.79000091552734,17.6200008392334,-0.02416508935883769,41.6562741858989,-12.0562741858989,2.7900009155273438,85.48386640600893,0.002326332044126689,-0.05415162305724153,0.007256909284378393,0.002323630322992605,-0.05567300084935578,0.0027276442397455012,0.39244922178657266
2025-12-18,36.67,+7.07%,12.16%,6%,1.0036413262616,322997,0.73603308858057,2717331,27.61,161205,161792,1565253,1152078,27.61000061035156,13.010000228881836,94.0,16.8700008392334,-0.021498444511664015,41.5572411735427,-4.887241173542698,3.389999389648441,82.36212620941605,-0.008334222047654105,-0.006870240455504106,-0.006449600157372483,-0.008369145853426522,-0.006893949209756108,-0.008413609069334683,0.05706947789434778
2025-12-19,49.88,+13.22%,27.90%,55%,0.31019648131501,102025,0.7501285889913,2834335,27.77,77870,24155,1619501,1214834,27.770000457763672,13.050000190734863,94.38999938964844,14.90999984741211,0.005778269754575584,39.670659251471605,10.209340748528398,3.229999542236328,83.19459158501017,0.004148929677111113,0.0030745550460660187,-0.04732512136816024,0.004140346600575626,0.00306983826722482,0.004285627069152664,0.5071407140395928
2025-12-22,29.34,-20.54%,3.43%,1%,0.36327298050139,97883,0.68888715581652,2100599,28.75,71800,26083,1243777,856822,28.75,13.609999656677246,93.2300033569336,14.079999923706056,0.034681449440543605,40.02785109194104,-10.687851091941038,2.25,88.29344449146657,-0.012289395489095245,0.04291183584349412,-0.06895779646885997,-0.012365534554967321,0.04201664305320186,-0.009468159434999889,-0.1460641171327385
2025-12-23,51.48,+22.14%,29.80%,61%,0.41085410854109,94056,0.68879587975881,2135300,29.15,66666,27390,1264392,870908,29.149999618530277,13.529999732971191,93.5,14.0,0.013817132466701958,40.0349637870535,11.445036212946498,1.850000381469723,90.37460793045186,0.0028960273875859865,-0.0058780254022127165,-0.05364783129574072,0.0028918419790292128,-0.005895368990960019,0.0025755682179760485,0.3537070180543349
2025-12-24,27.58,-23.90%,1.33%,1%,1.0242883663366,26170,0.68884136722174,2167839,29.23,12928,13242,1283625,884214,29.229999542236328,13.739999771118164,93.63999938964844,13.470000267028809,0.0027406637523448014,39.09763557670616,-11.517635576706162,1.7700004577636719,90.7908406182489,0.0014973196753844675,0.015521067427312962,-0.049864079632934974,0.0014961998100042604,0.015401847689493823,0.002264198769687516,0.42455991656709235
2025-12-26,41.08,+13.50%,17.41%,18%,1.5539994360372,81516,0.69433244520508,2178022,28.8,31917,49599,1285475,892547,28.799999237060547,13.59000015258789,94.47000122070312,13.600000381469728,-0.014820202811459567,40.191230168823985,0.8887698311760133,2.200000762939453,88.55358619992596,0.008863753059212831,-0.010917002986097324,-0.0029190799420915213,0.008824700597992863,-0.010977030745130519,0.008792657767721031,0.660392303285295
2025-12-29,35.42,-5.66%,10.67%,5%,0.51784014537483,52622,0.71940691781826,2099879,28.79,34669,17953,1221281,878598,28.790000915527344,13.5,94.1500015258789,14.199999809265137,-0.00034722422667707764,38.97877189395837,-3.5587718939583652,2.2099990844726562,88.50156579725014,-0.003387315451352957,-0.006622527709887693,0.020114064298214825,-0.0033930653925848377,-0.006644553946622253,-0.0032594164072695204,0.13653532933082826
2025-12-30,30.74,-4.68%,5.09%,3%,0.63024426005532,48922,0.71676939690108,2128758,28.94,30009,18913,1239979,888779,28.940000534057617,13.510000228881836,93.77999877929688,14.329999923706056,0.005196603233028499,38.97611094581891,-8.236110945818911,2.059999465942383,89.28200084639835,-0.003929928205899436,0.0007407576949507444,0.008623549053932736,-0.003937670665281337,0.0007404834693842061,-0.003944056260803198,0.1503064780607788
2025-12-31,41.2,+10.46%,17.56%,19%,0.13217443165871,64543,0.7254367480555,2142040,28.82,57008,7535,1241448,900592,28.81999969482422,13.399999618530272,93.76000213623048,14.949999809265137,-0.004155159674949995,38.96413409115377,2.235865908846236,2.1800003051757812,88.65764685281773,-0.00021322929544342895,-0.008142161990227326,-0.0050624806295545225,-0.0002132520320417766,-0.008175490424792922,-0.0002546402939543992,0.3913938364706144
2026-01-02,58.34,+17.14%,37.97%,76%,0.35657315508195,83512,0.71002899105782,2178895,28.51,61561,21951,1274186,904709,28.51000022888184,13.18000030517578,90.98999786376952,14.510000228881836,-0.010814669029642737,39.48338747061443,18.856612529385572,2.4899997711181605,87.04474642807544,-0.029543560253296852,-0.01641785967294096,-0.0013772195009941004,-0.029988761721771482,-0.01655412626015448,-0.030011560387278886,-1.3871580243195898
2026-01-05,38.29,-20.05%,14.09%,8%,0.94949744197141,118508,0.70152158156668,2108141,28.53,60789,57719,1238974,869167,28.530000686645508,12.979999542236328,91.45999908447266,14.899999618530272,0.0007012783401935273,39.43332785215353,-1.1433278521535328,2.469999313354492,87.14880708096719,0.005165416328581918,-0.015174564363318765,-0.10185073354548924,0.005152121328810904,-0.015290876219724117,0.0035947343692787253,0.5652738714789582
2026-01-06,65.94,+27.64%,47.02%,86%,0.55183842444692,129698,0.71754255763254,2147653,28.47,83577,46121,1250422,897231,28.46999931335449,12.5,90.6500015258789,14.75,-0.002105312121165657,34.11410852479769,31.825891475202305,2.5300006866455114,86.83662512229185,-0.008856304031291673,-0.036979935220677884,-0.10624878162140447,-0.008895754186268803,-0.037681031700841035,-0.01289931789472068,-0.4291890521957858
2026-01-07,78.72,+12.78%,62.24%,97%,1.1808055231711,239435,0.72802121673605,2163861,28.59,109792,129643,1252219,911642,28.59000015258789,12.369999885559082,90.7300033569336,15.380000114440918,0.00420613449959421,30.893283782961834,47.82671621703817,2.4099998474121094,87.46097911587248,0.0008825353525432345,-0.010400009155273393,-0.2673905763901302,0.0008821461471938105,-0.010454467155347829,-0.0019132798513263301,0.1123172148490399
2026-01-08,62.84,-15.88%,43.32%,80%,0.14631306597671,106332,0.73332965416033,2229965,28.32,92760,13572,1286521,943444,28.31999969482422,12.270000457763672,90.52999877929688,15.449999809265137,-0.009488753621789501,28.270607032852247,34.569392967147756,2.6800003051757812,86.05619007314364,-0.0022043929266694073,-0.008084028190828874,-0.2166237279379099,-0.0022068261773083102,-0.008116881122535424,-0.0039651352253007805,-0.025914831720281965
2026-01-09,54.32,-8.52%,33.18%,67%,0.20164506034868,67202,0.72823069311164,2263443,28.885,55925,11277,1309688,953755,28.88999938964844,12.0600004196167,89.45999908447266,14.489999771118164,0.01992723530186431,24.34009450916302,29.97990549083698,2.110000610351559,89.02184921416892,-0.011819283212769816,-0.017114916895874965,-0.2243192817282689,-0.011889686232613982,-0.017263069937245516,-0.015762125681361767,-1.2503947072116803
2026-01-12,43.31,-11.02%,20.06%,28%,0.66363703905495,67176,0.72338952935021,2203662,28.4,40379,26797,1278679,924983,28.399999618530277,12.149999618530272,89.41000366210938,15.119999885559082,-0.017106361616274452,24.995710674511585,18.314289325488417,2.600000381469723,86.47242276094072,-0.0005588578456844351,0.007462619882432131,-0.15355856689230246,-0.0005590140649358909,0.007434912296744819,0.0005826804123222006,0.3677131197725953
2026-01-13,36.88,-6.43%,12.41%,7%,0.34689384933738,61184,0.73341566580285,2226094,28.86,45426,15758,1284224,941870,28.86000061035156,12.140000343322754,90.31999969482422,15.979999542236328,0.016067442759299454,24.955981365128796,11.924018634871207,2.139999389648441,88.86576815860127,0.010177787668523397,-0.0008229856396264612,-0.09566114782089002,0.01012634275674175,-0.0008233244782269339,0.010047582592125527,1.3288111564610074
2026-01-14,82.73,+45.85%,67.02%,98%,0.98989288515694,154748,0.73453777847942,2219407,28.63,77767,76981,1279538,939869,28.6299991607666,12.079999923706056,88.55000305175781,16.75,-0.00800148469748111,24.91902851654825,57.81097148345175,2.3700008392333984,87.66909049788596,-0.019596951384487582,-0.004942373799000643,-0.05179703028654728,-0.01979151777006806,-0.00495462772069946,-0.020048152772175695,-1.6288255803555685
2026-01-15,29.22,-53.51%,3.29%,2%,1.2844885117742,119810,0.762132307888,2271963,28.49,52445,67365,1289326,982637,28.489999771118164,11.829999923706056,88.05000305175781,15.84000015258789,-0.004901949320889677,23.033498125482403,6.186501874517596,2.510000228881836,86.94068577518364,-0.0056465271910577375,-0.020695364369116787,-0.016134194770539706,-0.005662529090922263,-0.020912514649841847,-0.005999935675424576,-0.19673160151433994
2026-01-16,39.56,+10.34%,15.60%,10%,1.1375912134206,113660,0.78380197295919,2332462,28.58,53172,60488,1307579,1024883,28.57999992370605,11.800000190734863,88.0,15.859999656677246,0.0031540293561774903,21.322262877252474,18.23773712274753,2.420000076293949,87.40894878942656,-0.0005678938106159492,-0.00253590305703022,-0.006692529819515517,-0.0005680551233812557,-0.002539123905512818,-0.0005850482858343449,0.3707428158235087
2026-01-20,28.89,-10.67%,2.89%,1%,1.1975268643015,81392,0.85350750985939,1263790,28.24,37038,44354,681837,581953,28.239999771118164,11.550000190734863,87.26000213623047,20.09000015258789,-0.011967765312073608,20.250574199621934,8.639425800378067,2.760000228881836,85.63995738534659,-0.008409066633744633,-0.021186440335509094,0.05229855869075179,-0.00844462230153222,-0.02141409415394703,-0.007324696041612736,-0.3231000618449397
2026-01-21,27.3,-1.59%,0.99%,1%,1.1744104139078,77172,0.87365944101971,1306647,28.53,35491,41681,697377,609270,28.530000686645508,11.600000381469728,85.36000061035156,16.899999618530273,0.010216784772738519,20.446100777312836,6.853899222687165,2.469999313354492,87.14880708096719,-0.02177402566312825,0.004329020771356662,0.06337315900228002,-0.022014578032853435,0.004319677515996405,-0.02228832964291325,-1.6211448629830691
2026-01-22,29.96,+2.66%,4.16%,4%,0.49543877045117,90489,0.88705483468019,1332423,28.36,60510,29979,706086,626337,28.36000061035156,11.779999732971191,83.54000091552734,15.640000343322754,-0.005976466107408339,16.33548421989232,13.624515780107682,2.639999389648441,86.26431137892719,-0.021321458315494812,0.01551718496397636,0.012821205839643059,-0.021552044115642193,0.015398024557820123,-0.021749465358021882,-1.4278663437849417
2026-01-23,38.27,+8.31%,14.06%,9%,1.2083716514877,148884,0.8919063848872,1358315,28.58,67418,81466,717961,640354,28.57999992370605,11.699999809265137,86.12000274658203,16.09000015258789,0.007727446646743351,15.751119084640361,22.51888091535964,2.420000076293949,87.40894878942656,0.03088343072516242,-0.0067911651544559914,0.019783969766601545,0.030416134360482395,-0.006814330053874812,0.0305509488602479,2.5943729226643795
2026-01-26,54.16,+15.89%,32.99%,67%,0.65265008791761,32896,0.92101072151698,1369064,28.24,19905,12991,712679,656385,28.239999771118164,11.890000343322754,85.69999694824219,16.149999618530273,-0.011967765312073608,16.149642379063692,38.010357620936304,2.760000228881836,85.63995738534659,-0.004876983104328936,0.016239362150002545,0.02071551946344374,-0.004888914394703592,0.016108914076021042,-0.005222618917780349,-0.010351820880888547
2026-01-27,36.36,-17.80%,11.79%,8%,0.78668405564473,53429,0.91914331173934,1382286,28.07,29904,23525,720262,662024,28.06999969482422,11.550000190734863,85.58000183105469,16.350000381469727,-0.0060380250183245405,15.492493980933897,20.867506019066102,2.9300003051757812,84.75546168330659,-0.0014001764464468547,-0.02859547037598109,-0.0265555254854357,-0.001401157609461954,-0.0290122860959629,-0.0021715941122740488,0.2637800513238807
2026-01-28,59.6,+23.24%,39.47%,76%,1.2776706121377,199549,0.91657894736842,1420185,27.98,87611,111938,741000,679185,27.979999542236328,11.34000015258789,84.63999938964844,16.350000381469727,-0.0032114266248895133,15.502887708579681,44.097112291420316,3.020000457763672,84.28719866906366,-0.010983903029844866,-0.018181821184334646,-0.02958491891481056,-0.011044671485654096,-0.01834914172631516,-0.011587529355783497,-0.4207062149258399
2026-01-29,33.99,-25.61%,8.97%,6%,0.57113880034773,43376,0.99471647672218,1546007,27.6,27608,15768,775051,770956,27.600000381469727,11.260000228881836,83.16000366210938,16.8799991607666,-0.013674166332475318,15.876190606996108,18.113809393003894,3.3999996185302734,82.31009588297017,-0.017485771954295015,-0.007054666898553608,-0.013291682629496239,-0.017640453872120793,-0.007079668716800425,-0.017734554581826475,-0.8200266178992283
2026-01-30,29.9,-4.09%,4.09%,4%,4.2191110507,191985,0.97945848981443,1580174,27.54,36785,155200,798286,781888,27.540000915527344,11.210000038146973,83.48999786376953,17.440000534057617,-0.0021762600004137118,15.862219337553748,14.03778066244625,3.4599990844726562,81.9979238480649,0.003968184068401159,-0.004440514184592348,-0.023911833174255735,0.003960331592525699,-0.004450402551517837,0.0038539143091555223,0.7666678112867669
2026-02-02,33.0,+3.10%,7.79%,6%,1.0324679528681,62787,1.0911833407542,1526407,27.52,30892,31895,729925,796482,27.520000457763672,11.18000030517578,82.76000213623047,16.34000015258789,-0.0007264968450603021,15.542570194002053,17.457429805997947,3.479999542236328,81.89386319517313,-0.008743511153637806,-0.0026761581506784538,-0.012682224684466907,-0.008781959929549539,-0.0026797454634757867,-0.00881594506361452,-0.269838467734596
2026-02-03,33.59,+0.59%,8.49%,6%,0.97974613939422,43204,1.0869853436499,1555234,27.19,21823,21381,745206,810028,27.190000534057617,10.8100004196167,79.94000244140625,18.0,-0.012063751412925521,15.929361129510045,17.660638870489958,3.809999465942383,80.17690211753902,-0.03407442752577805,-0.03309480102498641,-0.07399020635301423,-0.034668494866036126,-0.03365482455496189,-0.03715862227963224,-2.1085115144415596
2026-02-04,34.23,+0.64%,9.25%,8%,1.827876298432,71599,1.0792139763318,1577404,27.03,25319,46280,758654,818750,27.030000686645508,10.75,80.16000366210938,18.63999938964844,-0.005901892594626176,15.976812929527151,18.253187070472848,3.969999313354492,79.34443674194492,0.002752079234227933,-0.005550454883222589,0.12533334111993633,0.002748299197890326,-0.005565915894900387,0.003445894033390752,0.7136499469948725
2026-02-05,36.89,+2.66%,12.42%,11%,1.8107845256105,78033,1.102998947304,1616161,26.76,27762,50271,768503,847658,26.76000022888184,10.520000457763672,80.87000274658203,21.770000457763672,-0.010039141878284629,15.972696717566182,20.91730328243382,4.2399997711181605,77.93964769921611,0.00885727360324795,-0.021395306254542112,0.14207470158971985,0.008818278049107975,-0.021627503750451887,0.011890999190583975,1.2110785955716181
2026-02-06,38.08,+1.18%,13.83%,12%,0.66354745655386,118220,1.1255458459265,1656914,27.36,71065,47155,779524,877390,27.36000061035156,10.5600004196167,82.19999694824219,20.3700008392334,0.022173871249359694,18.152916247003727,19.92708375299627,3.639999389648441,81.061397819579,0.016446075880915734,0.0038022775772321715,0.08117893276082946,0.0163123038654673,0.0037950671913245643,0.016004224361119933,1.3490243236505903
2026-02-09,38.29,+0.21%,14.08%,13%,0.86341478755857,59251,1.0985057714545,1626023,27.21,31797,27454,774848,851175,27.209999084472656,10.68000030517578,81.47000122070312,17.360000610351562,-0.005497595914089532,16.27739768436041,22.01260231563959,3.7900009155273438,80.28095284666074,-0.00888072694210329,0.011363625074878092,0.14828995074589144,-0.008920395630107958,0.011299544092015012,-0.010596004466963894,-0.37925164642979625
2026-02-10,38.05,-0.23%,13.81%,12%,4.1835858657646,182343,1.0891869355646,1656134,27.8,35177,147166,792717,863417,27.799999237060547,10.84000015258789,82.20999908447266,17.790000915527344,0.02145147410429476,17.548609684339038,20.50139031566096,3.200000762939453,83.35067264057777,0.009083071715745739,0.014981258692902122,0.09963653393058411,0.009042068721576509,0.014870147981314242,0.0075604587176834855,0.7649308218994102
2026-02-11,35.5,-2.55%,10.77%,10%,0.97578873642991,124123,1.1342449772688,1723358,27.99,62822,61301,807479,915879,27.989999771118164,11.010000228881836,79.62000274658203,17.649999618530273,0.00681130209736461,16.63360636579791,18.86639363420209,3.010000228881836,84.33922899550954,-0.0315046389336332,0.015682663644000172,0.14998675045637377,-0.032011585959292,0.015560961435255712,-0.03434552399894296,-1.6709959164805566
2026-02-12,35.32,-0.19%,10.54%,9%,2.0164442445144,60350,1.160166759903,1783991,28.11,20007,40343,825858,958133,28.11000061035156,10.25,75.86000061035156,20.81999969482422,0.004278111281318922,16.570998614734048,18.749001385265952,2.889999389648441,84.96358298909014,-0.047224340699886236,-0.06902817557516261,-0.0027611024412070445,-0.04837580776178695,-0.07152626593871214,-0.04857329910928076,-2.146944617633207
2026-02-13,36.31,+0.99%,11.73%,10%,0.95913000602641,71520,1.1705334719591,1828796,27.99,36506,35014,842556,986240,27.989999771118164,10.31999969482422,76.87000274658203,20.600000381469727,-0.0042781112813188565,16.5525681164688,19.7574318835312,3.010000228881836,84.33922899550954,0.013314027525761052,0.006829238519436176,0.3028816264437322,0.013226174784744665,0.006806024897702619,0.01116475489411196,0.9477621524503876
2026-02-17,36.85,+0.54%,12.37%,12%,1.1763166722576,97314,1.1525694173601,1815815,28.75,44715,52599,843557,972258,28.75,10.829999923706056,77.0,20.290000915527344,0.026790471893269042,19.22777732569214,17.62222267430786,2.25,88.29344449146657,0.001691131114519795,0.04941862829100807,0.33874831176645254,0.0016897027624235893,0.048236323486093885,-0.0146502703843112,-0.3492637673766586
2026-02-18,33.96,-2.89%,8.93%,7%,1.2444606680051,122974,1.1697283414284,1861922,28.79,54790,68184,858136,1003786,28.790000915527344,11.119999885559082,77.98999786376953,19.6200008392334,0.0013903691809102382,18.674401461106,15.285598538894,2.2099990844726562,88.50156579725014,0.012857115113890094,0.026777466657062154,0.28798984350580037,0.012775164097640738,0.02642522456277296,0.005164967811202121,0.6346377444714046
2026-02-19,35.86,+1.89%,11.19%,11%,0.40351501351928,98625,1.2377628559248,1999873,28.53,70270,28355,893693,1106180,28.530000686645508,10.9399995803833,77.0,20.229999542236328,-0.00907194713137066,18.66204037188534,17.19795962811466,2.469999313354492,87.14880708096719,-0.012693908076505278,-0.016187077970165942,0.3179291770887793,-0.01277516409764069,-0.01631951989334062,-0.007586712567466942,-0.054973684020220015
2026-02-20,37.13,+1.27%,12.70%,14%,0.83036166315344,198845,1.230786099939,2034468,28.75,108637,90208,911996,1122472,28.75,10.710000038146973,78.66999816894531,19.09000015258789,0.0076815779504605265,18.71158655181594,18.41841344818406,2.25,88.29344449146657,0.02168828790838062,-0.02102372495961924,0.33138819241840256,0.021456443212334277,-0.021247870616179977,0.02849773664857025,1.5926335344585447
2026-02-23,36.03,-1.10%,11.39%,11%,0.83383681412845,126267,1.3082141616171,1786934,28.92,68854,57413,774163,1012771,28.920000076293945,10.5600004196167,76.0199966430664,21.01000022888184,0.005895632685307816,18.631243533942403,17.3987564660576,2.0799999237060547,89.17794019350657,-0.03368503352685959,-0.014005566572922845,0.3233541284296612,-0.034265445663474656,-0.014104570006921776,-0.029704674722011326,-1.164728466846682
2026-02-24,29.94,-6.08%,4.14%,4%,1.7450603439069,102808,1.2929430661178,1861535,29.15,37452,65356,811854,1049681,29.149999618530277,10.390000343322754,78.04000091552734,19.549999237060547,0.007921499781394318,18.185334150116486,11.754665849883516,1.850000381469723,90.37460793045186,0.026572012123933453,-0.016098491433593654,0.3501321657668297,0.026225108083880806,-0.01622947985983302,0.031907571016473284,1.7382204293229124
2026-02-25,21.13,-8.82%,0.00%,0%,0.43115102778142,196477,1.3358110738092,1920317,28.9,137286,59191,822120,1098197,28.899999618530277,10.15999984741211,82.69999694824219,17.93000030517578,-0.008613317791319382,18.35075135988043,2.779248640119569,2.100000381469723,89.07387954061481,0.0597129161717842,-0.022136716873013107,0.33194702649226415,0.05799803764167521,-0.022385411022868885,0.06542880826752369,2.5318813530899256
2026-02-26,21.19,+0.06%,0.07%,1%,0.75177580185257,103826,1.2653600309007,1999921,28.8,59269,44557,882827,1117094,28.799999237060547,11.18000030517578,84.58999633789062,18.6299991607666,-0.0034662212677953473,18.3595692763774,2.8304307236226016,2.200000762939453,88.55358619992596,0.022853681492047695,0.10039374735064377,0.25545025375295755,0.02259644789536066,0.09566806789169156,-0.0018419843236271195,-0.020324346760660153
2026-02-27,11.13,-10.06%,0.00%,0%,6.3266432624583,663662,1.253574109271,2053628,28.17,90582,573080,911276,1142352,28.170000076293945,13.510000228881836,96.23999786376952,19.86000061035156,-0.02211777605432516,19.49150705858495,-8.36150705858495,2.8299999237060547,85.27575502399543,0.13772315912325528,0.20840785868560152,0.23671110005328908,0.12902903644605454,0.1893036738902339,0.08421875555536817,2.4903247578167655
2026-03-02,9.85,-1.28%,0.00%,0%,5.3849944865765,283730,1.3546837882248,2057777,28.5,44437,239293,873908,1183869,28.5,13.34000015258789,97.08999633789062,21.440000534057617,0.011646502677983311,19.805711791776552,-9.955711791776553,2.5,86.99271610162953,0.008832070791650493,-0.012583277084667777,0.5082528072633489,0.008793296193830024,-0.012663116987917826,0.015229360951643463,0.3354496779035713
2026-03-03,10.39,+0.53%,0.53%,1%,4.1505460728533,78757,1.4247754963785,2169032,28.2,15291,63466,894529,1274503,28.200000762939453,12.449999809265137,97.6999969482422,23.56999969482422,-0.010582082275946801,20.270252916048882,-9.880252916048882,2.799999237060547,85.4318460033331,0.006282836887012255,-0.06671666665236875,0.504560147115492,0.006263182149385862,-0.0690464443352031,0.04110126626095757,1.030201022284962
2026-03-04,11.06,+0.67%,1.20%,1%,25.393065762201,280136,1.4565536000604,2210827,27.95,10614,269522,899971,1310856,27.950000762939453,12.050000190734863,98.66000366210938,21.149999618530277,-0.008904778100968826,20.02520669564869,-8.96520669564869,3.049999237060547,84.13111761349606,0.009826066979057746,-0.03212848390829681,0.4637408054474203,0.009778105111342377,-0.032655931825363915,0.024921993238672686,0.4707485601325756
2026-03-05,10.92,-0.14%,1.06%,1%,2.2815091411668,135336,1.4385927305072,2206963,28.0,41242,94094,905015,1301948,28.0,11.739999771118164,99.16999816894533,23.75,0.0017872832775146657,19.839586042607305,-8.919586042607305,3.0,84.39125932195543,0.005169212324201533,-0.025726175494590886,0.43868980831477106,0.005155897810164323,-0.026062880861230434,0.016589418019308216,0.1879032861279123
2026-03-06,11.55,+0.64%,1.69%,2%,3.4269038802125,54991,1.4146558312094,2262349,27.95,12422,42569,936924,1325425,27.950000762939453,11.989999771118164,99.0199966430664,29.489999771118164,-0.0017872832775145755,19.399880259850864,-7.849880259850863,3.049999237060547,84.13111761349606,-0.0015125696142836986,0.021294719324870037,0.43441452482758003,-0.001513714702532182,0.02107115504597576,-0.010667330509398006,-0.6275152638295467
2026-03-09,12.21,+0.66%,2.35%,3%,1.0646621403168,31930,1.4458168949787,2244827,27.75,15465,16465,917823,1327004,27.75,11.1899995803833,98.31999969482422,25.5,-0.007181386705245789,18.144100966549214,-5.934100966549213,3.25,83.09053093211838,-0.007069248353597124,-0.06672228573864747,0.434743660676482,-0.0070943538778291204,-0.06905246512545363,0.0229257675895457,0.4060307662382644
2026-03-10,14.2,+1.98%,4.32%,3%,12.236983040762,88979,1.4269884411088,2249379,27.76,6722,82257,926819,1322560,27.76000022888184,10.329999923706056,96.94000244140624,24.93000030517578,0.00036030369118330603,17.996938455826285,-3.796938455826286,3.2399997711181605,83.1425612585643,-0.014035773573040644,-0.07685430642775648,0.42078729071667137,-0.014135206551931697,-0.07996820907869517,0.019514399489756765,0.2559035110935155
2026-03-11,12.96,-1.23%,3.09%,3%,0.31721908953376,38310,1.4159748975107,2248270,27.81,29084,9226,930585,1317685,27.809999465942383,9.9399995803833,94.88999938964844,24.229999542236328,0.0017995051584487564,16.307716986056302,-3.3477169860563016,3.190000534057617,83.40270296702366,-0.021147132248081846,-0.037754147744740396,0.41360753647267773,-0.02137393604847816,-0.0384852972923577,-0.005456127044967476,-0.5023425800570379
2026-03-12,13.7,+0.74%,3.83%,4%,3.5190269094863,33251,1.4111114305152,2264634,27.43,7358,25893,939249,1325385,27.43000030517578,9.800000190734863,94.30999755859376,27.290000915527344,-0.01375833296694273,16.798411833144332,-3.0984118331443327,3.5699996948242188,81.42560018093018,-0.006112359940830037,-0.014084446233250114,0.42137900918804255,-0.006131116884707563,-0.014184573314254878,-0.0001540354357916938,-0.41178062659108106
2026-03-13,16.38,+2.68%,6.49%,4%,2.9577939139158,165697,1.4094980300861,2270776,27.14,41866,123831,942427,1328349,27.13999938964844,9.720000267028809,95.30999755859376,27.190000534057617,-0.010628684157413528,17.008029687042775,-0.6280296870427762,3.860000610351559,79.91675048530958,0.010603329719934607,-0.008163257362146625,0.4337964131754909,0.010547508665349805,-0.008196759194820219,0.014103233403726042,-0.05323032874510572
