Date,"Imp Vol","1D IV Chg","IV Rank","IV Pctl","P/C Vol","Options Vol","P/C OI","Total OI",Last,"Call Volume","Put Volume","Call OI","Put OI"
2026-03-13,16.38%,+2.68%,6.49%,4%,2.9577939139158,165697,1.4094980300861,2270776,27.14,41866,123831,942427,1328349
2026-03-12,13.70%,+0.74%,3.83%,4%,3.5190269094863,33251,1.4111114305152,2264634,27.43,7358,25893,939249,1325385
2026-03-11,12.96%,-1.23%,3.09%,3%,0.31721908953376,38310,1.4159748975107,2248270,27.81,29084,9226,930585,1317685
2026-03-10,14.20%,+1.98%,4.32%,3%,12.236983040762,88979,1.4269884411088,2249379,27.76,6722,82257,926819,1322560
2026-03-09,12.21%,+0.66%,2.35%,3%,1.0646621403168,31930,1.4458168949787,2244827,27.75,15465,16465,917823,1327004
2026-03-06,11.55%,+0.64%,1.69%,2%,3.4269038802125,54991,1.4146558312094,2262349,27.95,12422,42569,936924,1325425
2026-03-05,10.92%,-0.14%,1.06%,1%,2.2815091411668,135336,1.4385927305072,2206963,28,41242,94094,905015,1301948
2026-03-04,11.06%,+0.67%,1.20%,1%,25.393065762201,280136,1.4565536000604,2210827,27.95,10614,269522,899971,1310856
2026-03-03,10.39%,+0.53%,0.53%,1%,4.1505460728533,78757,1.4247754963785,2169032,28.2,15291,63466,894529,1274503
2026-03-02,9.85%,-1.28%,0.00%,0%,5.3849944865765,283730,1.3546837882248,2057777,28.5,44437,239293,873908,1183869
2026-02-27,11.13%,-10.06%,0.00%,0%,6.3266432624583,663662,1.253574109271,2053628,28.17,90582,573080,911276,1142352
2026-02-26,21.19%,+0.06%,0.07%,1%,0.75177580185257,103826,1.2653600309007,1999921,28.8,59269,44557,882827,1117094
2026-02-25,21.13%,-8.82%,0.00%,0%,0.43115102778142,196477,1.3358110738092,1920317,28.9,137286,59191,822120,1098197
2026-02-24,29.94%,-6.08%,4.14%,4%,1.7450603439069,102808,1.2929430661178,1861535,29.15,37452,65356,811854,1049681
2026-02-23,36.03%,-1.10%,11.39%,11%,0.83383681412845,126267,1.3082141616171,1786934,28.92,68854,57413,774163,1012771
2026-02-20,37.13%,+1.27%,12.70%,14%,0.83036166315344,198845,1.230786099939,2034468,28.75,108637,90208,911996,1122472
2026-02-19,35.86%,+1.89%,11.19%,11%,0.40351501351928,98625,1.2377628559248,1999873,28.53,70270,28355,893693,1106180
2026-02-18,33.96%,-2.89%,8.93%,7%,1.2444606680051,122974,1.1697283414284,1861922,28.79,54790,68184,858136,1003786
2026-02-17,36.85%,+0.54%,12.37%,12%,1.1763166722576,97314,1.1525694173601,1815815,28.75,44715,52599,843557,972258
2026-02-13,36.31%,+0.99%,11.73%,10%,0.95913000602641,71520,1.1705334719591,1828796,27.99,36506,35014,842556,986240
2026-02-12,35.32%,-0.19%,10.54%,9%,2.0164442445144,60350,1.160166759903,1783991,28.11,20007,40343,825858,958133
2026-02-11,35.50%,-2.55%,10.77%,10%,0.97578873642991,124123,1.1342449772688,1723358,27.99,62822,61301,807479,915879
2026-02-10,38.05%,-0.23%,13.81%,12%,4.1835858657646,182343,1.0891869355646,1656134,27.8,35177,147166,792717,863417
2026-02-09,38.29%,+0.21%,14.08%,13%,0.86341478755857,59251,1.0985057714545,1626023,27.21,31797,27454,774848,851175
2026-02-06,38.08%,+1.18%,13.83%,12%,0.66354745655386,118220,1.1255458459265,1656914,27.36,71065,47155,779524,877390
2026-02-05,36.89%,+2.66%,12.42%,11%,1.8107845256105,78033,1.102998947304,1616161,26.76,27762,50271,768503,847658
2026-02-04,34.23%,+0.64%,9.25%,8%,1.827876298432,71599,1.0792139763318,1577404,27.03,25319,46280,758654,818750
2026-02-03,33.59%,+0.59%,8.49%,6%,0.97974613939422,43204,1.0869853436499,1555234,27.19,21823,21381,745206,810028
2026-02-02,33.00%,+3.10%,7.79%,6%,1.0324679528681,62787,1.0911833407542,1526407,27.52,30892,31895,729925,796482
2026-01-30,29.90%,-4.09%,4.09%,4%,4.2191110507,191985,0.97945848981443,1580174,27.54,36785,155200,798286,781888
2026-01-29,33.99%,-25.61%,8.97%,6%,0.57113880034773,43376,0.99471647672218,1546007,27.6,27608,15768,775051,770956
2026-01-28,59.60%,+23.24%,39.47%,76%,1.2776706121377,199549,0.91657894736842,1420185,27.98,87611,111938,741000,679185
2026-01-27,36.36%,-17.80%,11.79%,8%,0.78668405564473,53429,0.91914331173934,1382286,28.07,29904,23525,720262,662024
2026-01-26,54.16%,+15.89%,32.99%,67%,0.65265008791761,32896,0.92101072151698,1369064,28.24,19905,12991,712679,656385
2026-01-23,38.27%,+8.31%,14.06%,9%,1.2083716514877,148884,0.8919063848872,1358315,28.58,67418,81466,717961,640354
2026-01-22,29.96%,+2.66%,4.16%,4%,0.49543877045117,90489,0.88705483468019,1332423,28.36,60510,29979,706086,626337
2026-01-21,27.30%,-1.59%,0.99%,1%,1.1744104139078,77172,0.87365944101971,1306647,28.53,35491,41681,697377,609270
2026-01-20,28.89%,-10.67%,2.89%,1%,1.1975268643015,81392,0.85350750985939,1263790,28.24,37038,44354,681837,581953
2026-01-16,39.56%,+10.34%,15.60%,10%,1.1375912134206,113660,0.78380197295919,2332462,28.58,53172,60488,1307579,1024883
2026-01-15,29.22%,-53.51%,3.29%,2%,1.2844885117742,119810,0.762132307888,2271963,28.49,52445,67365,1289326,982637
2026-01-14,82.73%,+45.85%,67.02%,98%,0.98989288515694,154748,0.73453777847942,2219407,28.63,77767,76981,1279538,939869
2026-01-13,36.88%,-6.43%,12.41%,7%,0.34689384933738,61184,0.73341566580285,2226094,28.86,45426,15758,1284224,941870
2026-01-12,43.31%,-11.02%,20.06%,28%,0.66363703905495,67176,0.72338952935021,2203662,28.4,40379,26797,1278679,924983
2026-01-09,54.32%,-8.52%,33.18%,67%,0.20164506034868,67202,0.72823069311164,2263443,28.885,55925,11277,1309688,953755
2026-01-08,62.84%,-15.88%,43.32%,80%,0.14631306597671,106332,0.73332965416033,2229965,28.32,92760,13572,1286521,943444
2026-01-07,78.72%,+12.78%,62.24%,97%,1.1808055231711,239435,0.72802121673605,2163861,28.59,109792,129643,1252219,911642
2026-01-06,65.94%,+27.64%,47.02%,86%,0.55183842444692,129698,0.71754255763254,2147653,28.47,83577,46121,1250422,897231
2026-01-05,38.29%,-20.05%,14.09%,8%,0.94949744197141,118508,0.70152158156668,2108141,28.53,60789,57719,1238974,869167
2026-01-02,58.34%,+17.14%,37.97%,76%,0.35657315508195,83512,0.71002899105782,2178895,28.51,61561,21951,1274186,904709
2025-12-31,41.20%,+10.46%,17.56%,19%,0.13217443165871,64543,0.7254367480555,2142040,28.82,57008,7535,1241448,900592
2025-12-30,30.74%,-4.68%,5.09%,3%,0.63024426005532,48922,0.71676939690108,2128758,28.94,30009,18913,1239979,888779
2025-12-29,35.42%,-5.66%,10.67%,5%,0.51784014537483,52622,0.71940691781826,2099879,28.79,34669,17953,1221281,878598
2025-12-26,41.08%,+13.50%,17.41%,18%,1.5539994360372,81516,0.69433244520508,2178022,28.8,31917,49599,1285475,892547
2025-12-24,27.58%,-23.90%,1.33%,1%,1.0242883663366,26170,0.68884136722174,2167839,29.23,12928,13242,1283625,884214
2025-12-23,51.48%,+22.14%,29.80%,61%,0.41085410854109,94056,0.68879587975881,2135300,29.15,66666,27390,1264392,870908
2025-12-22,29.34%,-20.54%,3.43%,1%,0.36327298050139,97883,0.68888715581652,2100599,28.75,71800,26083,1243777,856822
2025-12-19,49.88%,+13.22%,27.90%,55%,0.31019648131501,102025,0.7501285889913,2834335,27.77,77870,24155,1619501,1214834
2025-12-18,36.67%,+7.07%,12.16%,6%,1.0036413262616,322997,0.73603308858057,2717331,27.61,161205,161792,1565253,1152078
2025-12-17,29.60%,-3.28%,3.73%,2%,0.88100934723237,244503,0.69598012365592,2642393,28.21,129985,114518,1558033,1084360
2025-12-16,32.88%,-1.25%,7.64%,2%,0.325411433521,146898,0.68838366283281,2608416,28.9,110832,36066,1544919,1063497
2025-12-15,34.13%,+4.69%,9.13%,2%,0.40513171322515,125297,0.68292053629695,2563401,29.71,89171,36126,1523186,1040215
2025-12-12,29.45%,+0.40%,3.55%,1%,0.37195635002404,319589,0.69085691734503,2527848,29.98,232944,86645,1495010,1032838
2025-12-11,29.05%,-1.33%,3.08%,1%,1.1836239795179,226016,0.63005565284336,2405271,29.49,103505,122511,1475576,929695
2025-12-10,30.38%,-20.49%,4.66%,1%,0.30703719123684,496018,0.62414542962577,2284687,29.53,379498,116520,1406701,877986
2025-12-09,50.87%,+24.40%,29.07%,58%,0.24482189853211,375086,0.63289014976678,2175671,28.26,301317,73769,1332405,843266
2025-12-08,26.46%,-15.42%,0.00%,0%,0.39855819729965,438055,0.61969795153387,1994590,27.23,313219,124836,1231458,763132
2025-12-05,41.89%,+7.05%,9.80%,20%,0.4264177942277,564211,0.57574244342557,2051062,26.08,395544,168667,1301648,749414
2025-12-04,34.84%,-5.40%,0.52%,1%,0.18111560540984,254919,0.62129720024304,1899862,24.54,215829,39090,1171816,728046
2025-12-03,40.24%,-4.94%,7.63%,10%,0.81453559877921,79669,0.61674156864278,1861686,24.57,43906,35763,1151505,710181
2025-12-02,45.18%,+45.18%,14.14%,35%,0.33864947078523,139502,0.6282113291703,1807720,24.53,104211,35291,1110249,697471
2025-12-01,0.00%,-47.29%,0.00%,0%,0,0,0.63479748938832,1779737,0,0,0,1088659,691078
2025-11-28,47.29%,-14.43%,16.91%,46%,0.89252252252252,84028,0.61690893827597,1829775,24,44400,39628,1131650,698125
2025-11-26,61.71%,+9.72%,35.90%,79%,0.75877548016778,119500,0.61396204134798,1790473,23.88,67945,51555,1109365,681108
2025-11-25,52.00%,-1.95%,23.10%,62%,0.42959257945914,76599,0.61021079532848,1763556,22.96,53581,23018,1095233,668323
2025-11-24,53.94%,-3.21%,25.67%,68%,0.30611292021837,109097,0.60654973290758,1722684,22.86,83528,25569,1072288,650396
2025-11-21,57.15%,+3.74%,29.89%,74%,0.34035335240918,169103,0.62571804139195,2202687,23.17,126163,42940,1354901,847786
2025-11-20,53.41%,-3.10%,24.97%,67%,0.31974073062309,159426,0.62484754129485,2139518,22.88,120801,38625,1316750,822768
2025-11-19,56.51%,+1.74%,29.05%,73%,0.25737537555056,215533,0.64023537860049,2055707,23.09,171415,44118,1253300,802407
2025-11-18,54.77%,+0.88%,26.76%,70%,0.39418668213612,249947,0.65395115311197,1965974,23.69,179278,70669,1188653,777321
2025-11-17,53.89%,+0.97%,25.60%,69%,0.42828158832455,83773,0.65225113709812,1927460,22.74,58653,25120,1166566,760894
2025-11-14,52.92%,+3.83%,24.32%,67%,0.33513040193671,155524,0.6690139253097,1919593,23.03,116486,39038,1150136,769457
2025-11-13,49.10%,-61.32%,19.29%,56%,1.0100682379537,96029,0.6526693808202,1883149,22.14,47774,48255,1139459,743690
2025-11-12,110.42%,+52.53%,100.00%,100%,1.1524398501332,95366,0.63744179433406,1842646,22.19,44306,51060,1125320,717326
2025-11-11,57.89%,+16.91%,47.91%,76%,0.92777361171409,48844,0.62601321804766,1816434,23.05,25337,23507,1117109,699325
2025-11-10,40.98%,-6.28%,13.36%,15%,0.46255526687634,32087,0.62640313643586,1806633,22.98,21939,10148,1110815,695818
2025-11-07,47.26%,+3.42%,26.19%,50%,0.93599390975903,66120,0.62945520008016,1886316,22.67,34153,31967,1157636,728680
2025-11-06,43.84%,-1.89%,19.21%,35%,0.58227756461305,87424,0.63058280408171,1858566,22.42,55252,32172,1139817,718749
2025-11-05,45.74%,-3.77%,23.08%,42%,0.69452013774517,113177,0.60816723211135,1813572,22.76,66790,46387,1127726,685846
2025-11-04,49.50%,-12.98%,30.77%,58%,0.6275379377023,77435,0.60063744236716,1758726,22.6,47578,29857,1098766,659960
2025-11-03,62.48%,+12.30%,57.30%,80%,0.60756152252278,56636,0.60172222247832,1737300,22.29,35231,21405,1084645,652655
2025-10-31,50.18%,-2.99%,32.17%,60%,0.39168933212451,184204,0.6006590304259,1770116,22.45,132360,51844,1105867,664249
2025-10-30,53.17%,-3.79%,38.27%,67%,0.25198389656641,64685,0.59661380282249,1769658,21.62,51666,13019,1108382,661276
2025-10-29,56.96%,+17.84%,46.01%,72%,0.2666084022189,104347,0.60872713393243,1719636,21.34,82383,21964,1068942,650694
2025-10-28,39.12%,-4.08%,9.57%,5%,0.23250854958761,30634,0.6150171185185,1704783,20.99,24855,5779,1055582,649201
2025-10-27,43.20%,+3.11%,17.90%,30%,0.42150860575257,61530,0.61246469316548,1678945,21.04,43285,18245,1041229,637716
2025-10-24,40.09%,-3.71%,11.53%,8%,0.36674130846299,118409,0.5935186482346,1763077,21.15,86636,31773,1106405,656672
2025-10-23,43.80%,+0.11%,19.12%,33%,0.54918507910529,181738,0.57564600574227,1679292,21.25,117312,64426,1065780,613512
2025-10-22,43.69%,-2.70%,18.91%,32%,0.58683794152283,219639,0.54779455786756,1564082,20.53,138413,81226,1010523,553559
2025-10-21,46.40%,-17.20%,24.43%,42%,0.48715081238399,324474,0.55630791702425,1436273,20.33,218185,106289,922872,513401
2025-10-20,63.60%,-9.53%,59.57%,82%,0.7651699791452,70252,0.54593055228657,1385885,18.32,39799,30453,896473,489412
2025-10-17,73.12%,-9.78%,79.03%,94%,0.40102260224225,194822,0.50539835849802,1741913,18.19,139057,55765,1157111,584802
2025-10-16,82.90%,+5.68%,99.02%,99%,0.39844521823629,86347,0.51749114035524,1709387,18.29,61745,24602,1126456,582931
2025-10-15,77.23%,-0.09%,87.41%,96%,0.17687637538433,75406,0.52290147284312,1679506,18.45,64073,11333,1102833,576673
2025-10-14,77.32%,+0.03%,87.60%,97%,0.28459363676184,32260,0.52374459496831,1663987,17.98,25113,7147,1092038,571949
2025-10-13,77.29%,+2.71%,87.54%,97%,0.49752189949285,77955,0.52417810111863,1616115,17.78,52056,25899,1060319,555796
2025-10-10,74.58%,+1.19%,82.00%,97%,0.93954612457578,113157,0.54083235973165,1713176,17.1,58342,54815,1111851,601325
2025-10-09,73.38%,-0.92%,79.56%,96%,0.58049845148389,129623,0.56201751310873,1675370,17.67,82014,47609,1072568,602802
2025-10-08,74.30%,+4.28%,81.44%,96%,0.56522062930553,126102,0.57414970144521,1648204,17.89,80565,45537,1047044,601160
2025-10-07,70.03%,-0.46%,72.70%,95%,0.42978301575063,38943,0.5752367708706,1633478,18.6,27237,11706,1036973,596505
2025-10-06,70.48%,+1.26%,73.64%,96%,1.3016542233934,78613,0.56556224003953,1597041,19.08,34155,44458,1020107,576934
2025-10-03,69.22%,+7.14%,71.06%,95%,0.89857870655807,117017,0.57211295851503,1685423,18.99,61634,55383,1072075,613348
2025-10-02,62.08%,-2.99%,56.47%,83%,0.75611403864343,90979,0.56032307952203,1671791,19.24,51807,39172,1071439,600352
2025-10-01,65.07%,+2.56%,62.57%,90%,0.27492318600804,26971,0.5606854461849,1669871,19.35,21155,5816,1069960,599911
2025-09-30,62.51%,-1.58%,57.34%,84%,0.23620738376635,74369,0.55317127518371,1675673,19.53,60159,14210,1078872,596801
2025-09-29,64.09%,+0.09%,60.58%,88%,0.6255515591976,87679,0.55681957372383,1639591,18.865,53938,33741,1053167,586424
2025-09-26,64.00%,+1.30%,60.40%,87%,0.92961559285328,103356,0.55837350085261,1761054,19.51,53563,49793,1130059,630995
2025-09-25,62.71%,+2.99%,57.75%,86%,0.74692264954627,141492,0.54025587029867,1700558,19.78,80995,60497,1104075,596483
2025-09-24,59.72%,+0.34%,51.64%,80%,0.46359230317104,151896,0.55325816861906,1632100,19.82,103783,48113,1050759,581341
2025-09-23,59.38%,-8.26%,50.95%,79%,0.33520838853768,176361,0.5572228226091,1540369,19.56,132085,44276,989177,551192
2025-09-22,67.64%,-4.85%,67.82%,93%,0.22901306757513,169197,0.56204777428575,1493049,19.61,137669,31528,955828,537221
2025-09-19,72.49%,-7.06%,77.73%,96%,0.31891075186245,264497,0.62783665068274,1746252,19.33,200542,63955,1072744,673508
2025-09-18,79.55%,+10.55%,92.16%,99%,0.79751345151963,147326,0.62395547743677,1683389,18.7,81961,65365,1036598,646791
2025-09-17,69.00%,-0.71%,70.60%,95%,0.39807738108126,129146,0.6492080558059,1612152,17.99,92374,36772,977531,634621
2025-09-16,69.71%,-0.16%,72.05%,96%,0.63388114902255,293780,0.65094889855983,1508718,18.25,179805,113975,913849,594869
2025-09-15,69.86%,-7.84%,72.37%,96%,0.43224539737643,251667,0.63370674877928,1460096,19.46,175715,75952,893732,566364
2025-09-12,77.71%,+25.40%,88.39%,98%,0.43482161537289,809248,0.50162800713437,1331905,18.87,564006,245242,886974,444931
2025-09-11,52.30%,+12.10%,36.49%,69%,0.29022363237254,538400,0.53422549951457,1054039,16.17,417292,121108,687017,367022
2025-09-10,40.20%,-0.40%,11.76%,9%,0.24542708508139,14843,0.53418363478352,1052137,0,11918,2925,685796,366341
2025-09-09,40.59%,+0.80%,12.57%,11%,0.30874702407195,29685,0.53969568552682,1033667,0,22682,7003,671345,362322
2025-09-08,39.79%,-0.86%,10.93%,6%,0.36076081947296,32480,0.54208473151185,1017907,0,23869,8611,660085,357822
2025-09-05,40.65%,-1.31%,12.70%,11%,0.057432251857395,39567,0.55448572723154,1015502,0,37418,2149,653272,362230
2025-09-04,41.96%,+0.31%,15.36%,20%,0.30423158476998,14147,0.55776537419091,1006952,0,10847,3300,646408,360544
2025-09-03,41.65%,-0.32%,14.72%,17%,0.17506551853238,15693,0.56163278527179,1002790,0,13355,2338,642142,360648
2025-09-02,41.96%,+1.72%,15.37%,20%,0.26132632961261,34578,0.5681272074691,986087,0,27414,7164,628831,357256
2025-08-29,40.25%,+0.16%,11.87%,9%,0.17514286626441,36809,0.56579271647899,1010179,11.64,31323,5486,645155,365024
2025-08-28,40.09%,+0.06%,11.54%,8%,0.049424797613975,22167,0.57336130953784,1001059,12.055,21123,1044,636255,364804
2025-08-27,40.03%,-0.24%,11.43%,8%,0.11981031646182,23142,0.5752054993587,997250,12.15,20666,2476,633092,364158
2025-08-26,40.28%,-0.71%,11.92%,8%,0.65492505353319,15457,0.57088697325283,992788,11.8,9340,6117,631992,360796
2025-08-25,40.99%,+0.31%,13.38%,11%,0.47115289460663,14866,0.57073045431629,984515,12.04,10105,4761,626788,357727
2025-08-22,40.68%,-1.17%,12.75%,10%,0.29104966879931,57107,0.57003744122367,983338,12.05,44233,12874,626315,357023
2025-08-21,41.85%,-0.84%,15.14%,16%,0.30164412622647,9817,0.5700977475835,981757,11.585,7542,2275,625284,356473
2025-08-20,42.69%,+0.90%,16.86%,23%,0.87498663816141,35081,0.58828120407803,972746,11.54,18710,16371,612452,360294
2025-08-19,41.79%,-0.03%,15.02%,16%,0.63924211597152,12891,0.58677901491343,967383,11.56,7864,5027,609652,357731
2025-08-18,41.82%,-0.06%,15.09%,16%,0.76220034246575,16466,0.58123991779186,958652,11.82,9344,7122,606266,352386
2025-08-15,41.89%,+0.99%,15.21%,16%,0.61248382525109,26169,0.62005083457799,1051042,11.85,16229,9940,648771,402271
2025-08-14,40.90%,-0.73%,13.19%,10%,0.40817060021565,23508,0.61470430670328,1048899,11.78,16694,6814,649592,399307
2025-08-13,41.63%,+2.16%,14.69%,14%,0.22959079243619,78095,0.61462141731837,1025903,12.05,63513,14582,635383,390520
2025-08-12,39.47%,-1.61%,10.28%,5%,0.3491301322199,19387,0.61734783971288,1016660,11.22,14370,5017,628597,388063
2025-08-11,41.08%,+0.07%,13.56%,10%,0.34995076317085,21934,0.62254360856897,1011286,10.78,16248,5686,623272,388014
2025-08-08,41.01%,-1.16%,13.42%,10%,0.61101468797762,62190,0.59817679833582,1089410,10.91,38603,23587,681658,407752
2025-08-07,42.16%,-7.24%,15.78%,16%,0.28388689017502,73871,0.62605418707029,1051966,11.86,57537,16334,646944,405022
2025-08-06,49.40%,-0.10%,30.56%,56%,0.87685339486391,87848,0.6150438576439,989111,12.79,46806,41042,612436,376675
2025-08-05,49.50%,-0.41%,30.76%,57%,0.71922739244952,9791,0.61383582606876,987093,12.72,5695,4096,611644,375449
2025-08-04,49.91%,-1.12%,31.61%,58%,0.77972709551657,15521,0.60901303574923,978436,12.8,8721,6800,608097,370339
2025-08-01,51.03%,+3.28%,33.90%,62%,0.56893845518381,18992,0.59271977588633,1009727,12.87,12105,6887,633964,375763
2025-07-31,47.75%,-0.27%,27.19%,49%,0.71514940123241,14752,0.5876699236183,1005003,13.17,8601,6151,633005,371998
2025-07-30,48.02%,+0.79%,27.75%,50%,0.14156773820639,25675,0.59472950451894,995175,13.26,22491,3184,624040,371135
2025-07-29,47.23%,+0.22%,26.14%,46%,0.3277741651685,34712,0.58960042322377,997576,13.12,26143,8569,627564,370012
2025-07-28,47.02%,+0.15%,25.69%,44%,0.096356649620063,75892,0.59875768480297,978315,13.7,69222,6670,611922,366393
2025-07-25,46.87%,+1.44%,25.38%,43%,0.27830155573751,54641,0.5963814188731,1000556,13.49,42745,11896,626765,373791
2025-07-24,45.43%,-2.65%,22.45%,33%,0.22141686625488,58137,0.59232944037208,990120,13.5,47598,10539,621806,368314
2025-07-23,48.08%,+5.23%,27.86%,48%,0.12794932931557,77110,0.62076020388403,962516,13.31,68363,8747,593867,368649
2025-07-22,42.85%,-4.78%,17.17%,22%,0.3697320782042,18916,0.62385562052775,958346,12.85,13810,5106,590167,368179
2025-07-21,47.62%,+2.01%,26.94%,46%,0.39682276098749,50470,0.61935451801395,944746,12.8,36132,14338,583409,361337
2025-07-18,45.62%,-4.39%,22.84%,33%,0.37167070217918,31724,0.59372560566953,1039184,12.75,23128,8596,652047,387137
2025-07-17,50.01%,-0.25%,31.81%,54%,0.26319734595578,91002,0.61580939693267,994563,12.84,72041,18961,615520,379043
2025-07-16,50.26%,-1.21%,32.32%,56%,0.74473491702922,90632,0.56467888568285,964152,12.58,51946,38686,616198,347954
2025-07-15,51.47%,+0.50%,34.79%,60%,0.16700489924769,56930,0.57565181278292,948503,12.03,48783,8147,601975,346528
2025-07-14,50.96%,-0.07%,33.76%,57%,0.32975050231161,68167,0.56793221099813,936101,12.01,51263,16904,597029,339072
2025-07-11,51.04%,+1.36%,33.91%,57%,0.33514986376022,21070,0.57436919101683,941975,11.73,15781,5289,598319,343656
2025-07-10,49.67%,-3.58%,31.12%,53%,0.2579942493683,14438,0.5786728826624,935962,11.65,11477,2961,592879,343083
2025-07-09,53.25%,+2.67%,38.43%,61%,0.14381730143817,31654,0.58599327454713,923941,11.49,27674,3980,582563,341378
2025-07-08,50.58%,+0.49%,32.98%,56%,0.31962467558395,13220,0.58906113303065,919078,11.41,10018,3202,578378,340700
2025-07-07,50.09%,+7.75%,31.98%,54%,0.51275954984942,19088,0.58683151135955,908972,11.02,12618,6470,572822,336150
2025-07-03,42.34%,+1.68%,16.14%,16%,0.19231333431128,8128,0.58221583734234,928449,11.22,6817,1311,586803,341646
2025-07-02,40.66%,-3.38%,12.71%,9%,0.063721675440604,46474,0.59428005210401,915493,11.12,43690,2784,574236,341257
2025-07-01,44.04%,-8.36%,19.61%,26%,0.3877223345914,66551,0.61034951306966,879370,10.94,47957,18594,546074,333296
2025-06-30,52.40%,+10.47%,36.69%,60%,0.30332409972299,42345,0.63002613619585,850057,11.46,32490,9855,521499,328558
2025-06-27,41.93%,+2.29%,15.30%,14%,0.25300718495197,46563,0.63418835920305,850899,11.3,37161,9402,520686,330213
2025-06-26,39.64%,+0.56%,10.63%,6%,0.49738065807287,25439,0.63369902816323,840017,11.15,16989,8450,514181,325836
2025-06-25,39.08%,+3.64%,9.49%,5%,0.35321959273528,12294,0.63212049231321,836891,10.87,9085,3209,512763,324128
2025-06-24,35.45%,-0.89%,2.06%,1%,0.46049129422203,52677,0.60240125216571,842557,10.9,36068,16609,525809,316748
2025-06-23,36.34%,-9.34%,3.88%,1%,0.4302925989673,19113,0.60464385239183,832064,10.68,13363,5750,518535,313529
2025-06-20,45.68%,+3.23%,22.97%,33%,0.29205810536771,31220,0.63850894961384,1058852,10.52,24163,7057,646229,412623
2025-06-18,42.45%,-1.35%,16.36%,16%,0.56191744340879,10557,0.63652593553426,1056006,10.57,6759,3798,645273,410733
2025-06-17,43.80%,+1.01%,19.11%,25%,0.2477015085245,13978,0.64082270559818,1048827,10.58,11203,2775,639208,409619
2025-06-16,42.78%,-1.51%,17.04%,19%,0.14266690117842,45477,0.65966942255398,1029005,10.76,39799,5678,620006,408999
2025-06-13,44.29%,+1.73%,20.12%,27%,0.56710895636642,12283,0.65185906639719,1083755,10.03,7838,4445,656082,427673
2025-06-12,42.56%,-4.36%,16.58%,17%,0.1696162168318,51352,0.64044192961046,1087467,10.16,43905,7447,662911,424556
2025-06-11,46.91%,+0.49%,25.48%,41%,0.26300156469621,47624,0.63214767919152,1084332,10.51,37707,9917,664359,419973
2025-06-10,46.42%,+0.52%,24.48%,38%,0.62178881170619,78913,0.63065197317631,1077225,10.01,48658,30255,660610,416615
2025-06-09,45.91%,+2.35%,23.42%,34%,0.26013620199635,183559,0.63781481826564,1019543,9.53,145666,37893,622502,397041
2025-06-06,43.56%,-2.57%,18.63%,25%,0.2141277563657,19216,0.63941742937232,1036943,9.82,15827,3389,632507,404436
2025-06-05,46.12%,+0.99%,23.87%,36%,0.23883958140151,28056,0.64739319712564,1023616,9.65,22647,5409,621355,402261
2025-06-04,45.13%,+0.08%,21.84%,31%,0.27267825852541,18884,0.64749045087362,1021365,9.79,14838,4046,619952,401413
2025-06-03,45.06%,-0.81%,21.69%,31%,0.14936892499637,39613,0.65966337284488,1004888,9.94,34465,5148,605477,399411
2025-06-02,45.87%,+0.28%,23.35%,34%,0.89075223736193,23451,0.6596048619523,993315,10,12403,11048,598525,394790
2025-05-30,45.59%,+0.27%,22.77%,34%,0.39442433019551,19257,0.6522532787838,1009231,9.97,13810,5447,610821,398410
2025-05-29,45.32%,-0.68%,22.22%,34%,0.23646960865945,23760,0.65415240283425,1003609,10.04,19216,4544,606721,396888
2025-05-28,46.00%,-2.26%,23.61%,36%,0.28906858340821,107605,0.65238212661026,971642,10.02,83475,24130,588025,383617
2025-05-27,48.25%,-2.03%,28.22%,48%,0.3209105301442,30871,0.66042328207314,958481,9.55,23371,7500,577251,381230
2025-05-23,50.29%,+1.67%,32.37%,55%,1,17960,0.64836947777561,973288,9,8980,8980,590455,382833
2025-05-22,48.62%,+0.21%,28.96%,51%,1.7154727150236,12092,0.64536531873937,969288,9.02,4453,7639,589102,380186
2025-05-21,48.41%,+0.87%,28.54%,49%,0.20455148267996,22707,0.65767347059242,954805,8.95,18851,3856,575991,378814
2025-05-20,47.54%,+0.99%,26.77%,46%,0.17975515079128,23706,0.66719513058249,942232,9.23,20094,3612,565160,377072
2025-05-19,46.55%,-0.50%,24.75%,41%,0.47425036977276,21928,0.66951510512809,927040,9.05,14874,7054,555275,371765
2025-05-16,47.06%,+0.19%,25.77%,44%,0.2856240981241,28510,0.6362456545383,980890,9.16,22176,6334,599476,381414
2025-05-15,46.87%,-1.57%,25.39%,44%,0.16785796633618,20260,0.63661122751439,979502,9.14,17348,2912,598494,381008
2025-05-14,48.44%,-0.47%,28.61%,50%,0.23498978305291,28406,0.65121126310765,972040,9.21,23001,5405,588683,383357
2025-05-13,48.91%,+0.67%,29.56%,52%,0.58668332986183,22853,0.65456726314272,964209,9.18,14403,8450,582756,381453
2025-05-12,48.24%,-3.94%,28.20%,50%,0.22996603346333,29331,0.6569947201507,958762,9.23,23847,5484,578615,380147
2025-05-09,52.18%,-0.01%,36.24%,59%,0.18838276836158,26924,0.70216916225572,1029700,9.07,22656,4268,604934,424766
2025-05-08,52.18%,-16.29%,36.25%,60%,0.27137185707984,100877,0.72706385317527,992965,9.01,79345,21532,574944,418021
2025-05-07,68.47%,+4.33%,69.53%,95%,0.97718283251668,66983,0.7153729431113,943944,8.56,33878,33105,550285,393659
2025-05-06,64.15%,+1.94%,60.69%,89%,0.34214016117515,13157,0.72010362202078,941540,8.43,9803,3354,547374,394166
2025-05-05,62.21%,-2.23%,56.73%,85%,0.87636831938184,46624,0.70887620769535,907362,8.37,24848,21776,530970,376392
2025-05-02,64.43%,-1.30%,61.28%,90%,0.25567347860449,22243,0.71134883477624,916020,8.54,17714,4529,535262,380758
2025-05-01,65.74%,+0.44%,63.94%,92%,0.31445050983623,12762,0.71419220996127,911400,8.43,9709,3053,531679,379721
2025-04-30,65.30%,+2.35%,63.04%,92%,0.30659635488944,14123,0.71651506553989,904485,8.67,10809,3314,526931,377554
2025-04-29,62.95%,-1.73%,58.25%,89%,0.33515829564389,11218,0.71606345189273,900494,8.77,8402,2816,524744,375750
2025-04-28,64.69%,+0.33%,61.79%,92%,0.11869972089969,34070,0.74186676187926,878136,8.7,30455,3615,504135,374001
2025-04-25,64.35%,-1.99%,61.11%,91%,0.1553307210948,19755,0.73013040732737,895929,8.59,17099,2656,517839,378090
2025-04-24,66.34%,-1.34%,65.18%,94%,0.44410172047433,42136,0.73435119388004,867408,8.5,29178,12958,500134,367274
2025-04-23,67.68%,-1.43%,67.92%,95%,0.26684465880056,44128,0.74199168441335,858889,8.33,34833,9295,493050,365839
2025-04-22,69.11%,+1.66%,70.84%,96%,0.13153363669905,36802,0.76149454113792,842854,7.95,32524,4278,478488,364366
2025-04-21,67.45%,+1.43%,67.44%,96%,0.26582986888391,15833,0.77368533242385,832089,7.94,12508,3325,469130,362959
2025-04-17,66.02%,+0.19%,64.52%,95%,0.23164978493132,17753,0.72139725056663,918226,8.11,14414,3339,533419,384807
2025-04-16,65.83%,-6.65%,64.13%,95%,0.4076983503535,12544,0.73119760175741,922827,7.92,8911,3633,533057,389770
2025-04-15,72.48%,-6.28%,77.71%,96%,0.71169800884956,24758,0.72307904080736,913785,8.25,14464,10294,530321,383464
2025-04-14,78.76%,+1.02%,90.55%,99%,0.3524922209828,23037,0.7390785312042,901747,8.02,17033,6004,518520,383227
2025-04-11,77.74%,-4.24%,88.46%,99%,0.45514145649991,24637,0.74219625450917,907963,7.97,16931,7706,521160,386803
2025-04-10,81.98%,+15.17%,97.12%,99%,1.1502054139231,38207,0.73994234427703,894480,8.1,17769,20438,514086,380394
2025-04-09,66.81%,-16.58%,66.12%,97%,0.66717373059169,31783,0.75219539936854,893497,9.26,19064,12719,509930,383567
2025-04-08,83.39%,+7.54%,100.00%,100%,1.198773006135,23296,0.75072153357061,884419,7.69,10595,12701,505174,379245
2025-04-07,75.85%,+1.30%,96.56%,99%,0.37966424250663,20299,0.75678291079135,876849,8.09,14713,5586,499122,377727
2025-04-04,74.55%,+20.32%,93.53%,99%,0.39144795572219,46761,0.80390736735885,886680,8.07,33606,13155,491533,395147
2025-04-03,54.23%,+7.80%,46.14%,65%,1.1138952164009,56608,0.80824847894815,885964,9.16,26779,29829,489957,396007
2025-04-02,46.43%,+3.06%,27.95%,43%,0.35571640922898,20977,0.81646065396307,874228,10.56,15473,5504,481281,392947
2025-04-01,43.37%,-10.11%,20.82%,31%,1.4383802816901,31855,0.80610615825428,859786,10.21,13064,18791,476044,383742
2025-03-31,53.48%,+6.17%,44.40%,63%,0.49819040125885,19042,0.81230899250482,849190,10.73,12710,6332,468568,380622
2025-03-28,47.31%,+5.89%,30.02%,47%,0.69645243591301,27927,0.80506193911851,861890,10.37,16462,11465,477485,384405
2025-03-27,41.42%,+3.39%,16.27%,18%,0.8598561681726,20172,0.80307687093706,851238,11.01,10846,9326,472103,379135
2025-03-26,38.03%,-13.60%,8.37%,3%,0.99280230326296,24918,0.79024997749302,835191,11.03,12504,12414,466522,368669
2025-03-25,51.63%,+0.30%,40.08%,59%,0.3387690689111,20360,0.80193994612963,823528,10.98,15208,5152,457023,366505
2025-03-24,51.33%,+5.39%,39.39%,59%,0.59669065716015,47476,0.81304874356645,790482,10.97,29734,17742,435996,354486
2025-03-21,45.94%,+2.30%,26.82%,41%,0.78975409836066,21835,0.74310546795608,943414,10.74,12200,9635,541226,402188
2025-03-20,43.64%,+0.22%,21.46%,34%,0.34774562584118,8011,0.74366160633191,940688,10.65,5944,2067,539490,401198
2025-03-19,43.42%,-3.87%,20.94%,34%,0.22244886065622,20976,0.74919801035321,932954,10.92,17159,3817,533361,399593
2025-03-18,47.29%,-0.13%,29.96%,47%,1.2122674017919,9630,0.74504351418084,929384,10.39,4353,5277,532585,396799
2025-03-17,47.42%,-1.95%,30.26%,48%,0.51070125258901,15317,0.7505216471799,928706,10.48,10139,5178,530531,398175
2025-03-14,49.37%,-7.71%,34.81%,53%,0.40326623623243,18474,0.75031535513193,936613,10.19,13165,5309,535111,401502
2025-03-13,57.08%,+5.58%,52.79%,74%,1.4200819672131,17715,0.74399864948512,929778,9.89,7320,10395,533130,396648
2025-03-12,51.50%,-12.53%,39.78%,60%,0.28296256104178,14187,0.75296451701177,922452,10.42,11058,3129,526224,396228
2025-03-11,64.02%,+13.90%,68.99%,97%,0.38953350698556,23472,0.75640309139836,917689,10.37,16892,6580,522482,395207
2025-03-10,50.13%,+0.78%,36.58%,57%,0.53450164293538,18213,0.75969181047813,910366,10.59,11869,6344,517344,393022
2025-03-07,49.35%,+1.68%,34.76%,55%,1.118774381699,55942,0.71230285964775,894519,11.07,26403,29539,522407,372112
2025-03-06,47.67%,+2.20%,30.85%,51%,0.8582056336237,29224,0.70586765966114,887812,10.7,15727,13497,520446,367366
2025-03-05,45.46%,+11.02%,25.71%,44%,0.32882822002973,19664,0.70859483538692,881787,11.43,14798,4866,516089,365698
2025-03-04,34.44%,-6.74%,0.00%,0%,0.72592905405405,20435,0.7052526887487,874428,11.32,11840,8595,512785,361643
2025-03-03,41.18%,+0.61%,15.19%,16%,0.59936559811602,33278,0.6977315667612,860828,11.02,20807,12471,507046,353782
"Downloaded from Barchart.com as of 03-14-2026 05:52pm CDT"
